岗位名称,公司名称,工资,上班地址,学历,工作年限,职位描述,发布时间
python爬虫工程师,深圳桑椹电子商务有限公司,0.8-1.3万/月,深圳-龙华区,大专,3-4年经验,岗位职责 1 负责对行业数据的采集 管理 并不断完善行业数据积累 2 主要针对亚马逊网站 进行数据爬取 获取相关产品信息 3 开发爬虫程序或者使用第三方软件 精准获取数据 任职要求 1 统招大专或以上学历 1年以上同岗位经验 2 熟练掌握 Python Java JavaScript 任意语言 Python 优先 3 熟练掌握常用的数据库 如mysql orcle redis等 4 熟练使用selenium requests httplib2等常用爬虫模块 5 熟悉常见的反爬机制及对应的应对措施 如cookie识别 ip封锁等 6 有爬取电商平台如ebay 天猫 京东 亚马逊经验者优先 7 善于主动学习 责任心强 良好的沟通表达能力 福利待遇 1 工资待遇 每月500元的餐补 薪资结构 固定工资 业绩提成 绩效奖金 2 员工培训 提供入职培训 同时也会不定期为员工组织相关培训 3 人才培养 公司对工作表现优秀的员工不定期的给于薪酬调整机会和晋升机会 4 五险一金 入职即购买 5 节日福利 公司在传统佳节等重大节日为员工发放节日慰问品或过节费 6 假期规定 依法享有国家规定的各种法定节假日 7 其他团建 公司或部门不定期组织各项文娱活动 职能类别 爬虫开发工程师 关键字 爬虫python爬虫工程师数据爬虫亚马逊数据爬虫模块 微信分享
高级Python开发,深圳市有为信息技术发展有限公司,1.2-2.5万/月,深圳-龙岗区,本科,3-4年经验,1 搭建系统开发环境 完成系统框架和核心代码的实现 负责解决开发过程中的技术问题 2 负责Python技术的相关产品规划 需求 设计 开发 测试等研发工作 3 参与测试相关平台的搭建 研发以及优化 1 计算机 软件工程 应用数学相关专业 全日制本科以上学历 3年以上的开发经验 2 精通Python语言 熟悉C C语言或者CSharp语言编程 3 熟悉TCP IP等网络协议 熟悉应用层协议及协议分析了 4 熟悉mysql 了解Redis MongoDB等NoSQL技术 5 具备独立开发功能模块的能力 6 有能阅读英文文档并解决工作中遇到的问题的能力 7 逻辑思维清晰 能够独立承受工作压力 职能类别 Python开发工程师 微信分享
python后端开发工程师,明源软件,1.5-3万/月,深圳-南山区,本科,3-4年经验,一 岗位职责 1 负责日志数据分析平台后端服务开发 设计高质量 高效的数据查询解决方案 持续维护 优化项目 2 积极研究大数据前沿技术 调优数据分析方案与数仓模型设计 3 完善并遵循团队编码规范 编写高质量 易维护 易读且结构清洗的代码 二 任职要求 1 本科以上学历 计算机相关专业2 有3年以上的实际项目开发经验 熟悉linux服务器端开发 Python语言3 扎实的数据结构和算法知识 熟悉常用的设计模式4 熟悉sql语法 有sql性能优化经验优先5 具备良好的编码习惯 注重开发效率和开发质量 具有追求极致 死磕到底的极客精神6 认同敏捷开发模式 能和团队高效配合 对技术有追求 有热情 主动钻研 不断突破 我们心中的你 1 对技术有追求 对代码有洁癖 对自己有要求 2 喜欢阅读各种优秀框架源代码 富有好奇心 3 不满足于当下所知 热衷学习新技术 敢于探索钻研 我们的土壤 1 每年至少14薪 表现优异者可达15 16薪2 入职购买五险一金 商业保险 重疾险 意外险 3 享受丰富的下午茶 通讯补贴 加班福利等福利4 有年度健康体检 旅游经费 精美的节假日礼品 明源专属定制周年礼 盛大的年会活动5 舒适休闲高大上的办公环境 简单平等的工作氛围 nice的管理者 同事6 各种技术大咖 每周 双周技术分享 交流 完整的任职资格 培养体系 助推学习与成长 我们是谁 平台 明源云 系国内 的房地产应用软件及解决方案供应商 互联网 地产垂直领域的独角兽 上市公司 股票代码 00909HK 平台大且发展迅速 事业部 明源云 天际 定位为泛地产生态链数字化基础设施 通过十三大技术能力平台 提供应用开发能力 助力研发效能 从开发 上线 数据 运营等4个环节优化开发 迭代和上线效率 实现一个应用的全生命周期管理 为明源云第三阶段的智能商业提供战略级的支撑 产品线 大数据平台 提供数据全链路服务 数见 数据价值输出 三屏数据应用 数芯 统一数据资产构建和管理 大数据引擎和框架 移动建模平台 可视化移动建模建模 统一SDK构建超级APP 天眼平台 统一探针 日志服务 实现性能 异常 用户行为全链路检测 云原生应用管理与运维平台 基于云原生技术架构 提供应用开发 构建 发布 监控及运维等一站式解决方案 支持微服务应用和微应用 让应用上云和下云都更简单 职能类别 Python开发工程师 关键字 python软件开发django开发工程师 微信分享
中级Python开发工程师,深圳市海云天科技股份有限公司,1-1.5万/月,深圳-南山区,本科,2年经验,岗位职责1 参与公司人工智能产品 大数据产品的功能设计 开发以及维护 2 配合项目经理完成相关任务目标 3 适应临时性的中短期出差 任职要求1 两年以上实际项目稳定开发经验 Python基础扎实 熟悉常用的类库2 掌握Tornado Django Flask其中任一框架 至少两年左右的服务开发经验3 熟悉常用的工具如Redis Memcached Mongodb Mysql Nginx等的基本原理和使用4 熟练使用Redis MQ MySQL 了解Maven Jenkins Docker Nginx等 5 熟悉面向对象设计 有较强程序设计和开发能力和良好的编程风格 能编写清晰 规范的相关技术文档 职能类别 Python开发工程师 关键字 python人工智能项目大数据项目 微信分享
Python跨境电商数据分析员,深圳市瑞拓步科技有限公司,6-8千/月,异地招聘,大专,2年经验,岗位职责 1 数据分析 及时响应公司的数据分析需求 负责业务数据的提取和分析 并输出相关报表 2 数据挖掘 根据当前的数据分析结果 深入挖掘潜在的业务漏洞 数据关系等 提供有价值的决策信息和创新意见 3 深入熟悉公司各产品业务流程 为随时的数据分析做准备 4 负责开发和维护数据分析相关的Python SQL脚本 Excel文件 任职要求 1 全日制大专及以上学历 统计学 数学 计算机专业优先 2 2 3年以上跨境电商数据分析工作经验 熟悉亚马逊电商平台优先 3 熟悉python 精通Excel公式 函数 图表使用 福利待遇 1 五险一金 优秀员工购买公积金 一档医疗保险 2 意外险 仓库 发货部门入职即购买一年期40万保额人身意外险 3 团建活动 公司注重团队建设 每年春秋季各组织一次拓展或市内外旅游活动 4 节日福利 端午 中秋 春节等传统节日享有节日礼品 5 员工关怀 公司视员工为 家人 转正员工结婚 生子发放结婚生育礼金666元 6 下午茶 每天免费供应各种咖啡 茶叶 点心 面包 每周举办两次集体下午茶 7 生日会 每月举办一次集体生日会 转正寿星享有200元生日红包 8 带薪假期 入职即开始计算年假 多一年多加一天 同时享有国家规定其他带薪假期 法定假日 婚假 产假 陪产假 哺乳假等 9 加班补贴 公司提倡高效工作 若因工作需要加班的员工 可享受免费加班补贴 10 lady特权 三八节发放福利并享有半天带薪假期 11 员工关怀 公司关注员工健康 员工住院可享受公司慰问礼品 12 培训基金 公司每年为全体员工提供价值2000 10000元培训课程 用于员工利用非工作时间进行自主学习 提升综合素质及专业能力 13 大型年会 公司每年都会组织市外大型年会 并进行现金大抽奖 14 公司提供优厚的薪酬及广阔的个人发展空间 对于表现优秀的员工将给予提前转正 每年调薪 15 公司每年为全体员工提供年终奖金 16 公司为员工提供免费宿舍 17 为公司做出杰出贡献的优秀员工有机会晋升为公司股东 四年已有两位员工晋升股东 职能类别 数据分析师 关键字 数据分析师统计数据分析大数据数据挖掘数据处理 微信分享
python,深圳兴融联科技股份有限公司,1-1.5万/月,深圳-南山区,本科,2年经验,要求计算机相关专业本科及以上学历1 具有扎实的计算机知识 良好的编码习惯 2 熟悉或精通python java golang kotlin 熟悉Spring框架 3 使用过并熟悉oracle mysql和redis数据库 了解事务和锁机制 对数据库性能调优有实践或思考 4 熟悉Jetbrains系IDE 熟悉linux环境和Git 有Jenkins持续集成经验 5 了解多线程 内存模型 设计模式者优先 全栈开发者优先 职能类别 Python开发工程师 关键字 python 微信分享
Python软件工程师 02,深圳市乐思软件技术有限公司,0.9-1.1万/月,深圳,本科,1年经验,工作内容 基于Python进行网站数据采集 爬虫数据采集工作 职位要求任职资格 1 热爱软件开发 编程基础扎实 算法 数据结构 面向对象 等 2 思路清晰 具备良好的沟通能力和理解能力 3 英语 能较熟练阅读英语文档 岗位要求 1 python语言至少3年以上的使用经验 并且熟练使用python中的selenium requests flask pymysql json 熟练使用Scrapy redis kafka等 2 熟知HTTP TCP Socket等底层知识 熟悉反爬原理 3 熟练掌握正则表达式 XPath HTML CSS等网页信息抽取技术 熟悉web相关数据处理 岗位职责 1 设计大规模数据采集架构 2 编写分布式数据采集器或爬虫代码 3 维护优化现有爬虫系统 薪酬福利工资构成 基本工资 绩效奖金 依据个人能力及工作经验 我们提供同行业较具竞争力的工资水平 员工保障计划 我们为员工提供完善的保障计划 包括国家规定的养老保险 综合医疗保险 工伤保险等 员工带薪休假计划 为每位员工提供法律规定的公休假日 法定节假日及婚假 产假 丧假等假期 文化活动 公司定期进行聚会活动或精神娱乐文化活动 其它 各种过节费 含生日 图书费 项目奖 年终奖工作时间每天7小时 每周35小时 周一至周五 上午9 00 12 00 下午2 00 18 00 职能类别 软件工程师 关键字 Python 微信分享
研发工程师（C++/Python）,南凌科技股份有限公司,1.5-2.5万/月,深圳-南山区,本科,2年经验,职责描述 1 设计产品平台整体架构2 参与项目需求调研 分析 方案设计等过程2 参与系统技术方案选型和产品核心系统的研发工作4 参与制定业务流程 接口协议 文档输出等过程任职要求 1 计算机或相关专业全日制本科 不含专升本 及以上学历 拥有满2年以上linux环境下软件研发经验2 有牢固的计算机 数据结构基础 掌握c c java go python中至少一门语言 能适应因项目需要而转换开发语言3 熟练使用Linux 熟悉TCP IP协议以及网络编程 熟悉交换 路由技术基本原理4 具备良好学习能力与学习习惯 对于开发过程中所涉及到的知识点能具备自学能力 对于项目具备独立开发能力5 有良好交流 表达能力 能高效与团队成员进行沟通协作6 熟悉数据中心网络架构 熟悉linux虚拟网卡技术 有参与开发部署SDN SD WAN项目经验者优先4 学习能力强 良好沟通交流能力 强烈的责任心和团队合作精神 较强的抗压力 5 有网络产品开发经验者优先 福利待遇 1 五天八小时 周末双休 领导同事nice 没有996 没有007 人性化高效办公 2 享受五险一金 中餐补贴 过节费 过节礼品 年度奖奖金 优秀员工享有股权激励 优秀员工享有企业公租房等等 3 20年沉淀的IT通信朝阳行业 目前公司已上市 公司是国家高新技术和深圳高新技术企业 平台稳定有活力 晋升通道畅通 职能类别 软件工程师 微信分享
少儿编程讲师（Python）,深圳市小码教育科技有限公司,0.8-1.2万/月,深圳,本科,无需经验,岗位职责 1 负责教授6 16岁少儿编程课程的教学 组织学员参与编程比赛并辅导 2 并根据教学要求进行教研 备课 授课 以及课后总结 每月进行优秀教研案例分析 3 和学员家长保持沟通 组织家长会 将学员情况及时反馈给家长 4 负责体验课程的教授 配合业务部门进行招生支持工作 5 配合教务部门进行学员工作 任职资格 1 统招本科及以上学历 计算机相关专业 2 熟悉Scratch python C 等模块化编程平台的操作 3 具备编程授课 教学经验优先 4 热爱儿童 热爱教育事业 有耐心 善于和孩子打交道工作时间 坐五休二 周一周二休息 周末上班宝安 南山 福田 龙华 罗湖 龙岗多个校区有需求 可根据情况进行匹配 职能类别 培训讲师 关键字 讲师少儿编程python讲师C 讲师scratch老师编程教育 微信分享
Python初级开发工程师,深圳市易达恒通供应链管理有限公司,6-8千/月,深圳-福田区,大专,2年经验,岗位描述 1 公司项目的二次开发 测试 2 现有产品维护 任职要求 1 计算机软件相关专业 本科及以上学历 2 熟悉Linux操作系统 熟练掌握Shell脚本语言 3 PostgreSQL数据库 能熟练编写调试sql语句 存储过程 索引 性能优化 4 具有良好的沟通能力及学习能力 责任心强 工作目标明确 善于思考 具有团队合作精神 5 会使用GIT进行代码版本管理 6 熟练掌握PYTHON语言编程及其常用后端开发框架 7 懂设计模式 面向对象编程 8 有ODOO项目开发经验 ODOO线上作品优先 9 1年以上开发工作经验 职能类别 Python开发工程师 关键字 开发工程师 微信分享
云平台开发工程师（Java、Python、Golang）,深圳市广联智通科技有限公司,0.8-1.5万/月,深圳,本科,3-4年经验,任职要求 1 参与软件系统的需求调研 分析及设计工作 2 参与系统核心模块的程序编码工作 3 负责云平台后台工作开发 功能模块的系统分析 模块设计 编码及测试工作 4 根据业务需求 能独立设计开发相应的业务模块 并与他人合作或者可以独立完成云平台功能开发 任职资格 1 统招本科及以上学历 计算机相关专业 2 注重团队合作 很强的责任心 工作积极主动的 表达能力较强 学习能力强 能独立思考的 3 热爱编程 熟悉java python golang至少一种开发语言 使用linux的shell能完成日常简单维护工作 4 对多线程编程 常用数据结构 算法了解 熟悉常用的设计模式及使用场景 5 有过influxdb redis kafka mysql kibana开发经验的尤佳 职能类别 软件工程师 关键字 软件开发 微信分享
python后台开发工程师,深圳纳实大数据技术有限公司,1.5-2.5万/月,深圳-南山区,本科,3-4年经验,大数据方向 客户顶尖 员工出萃 高手教练 专业提升 天天早餐 月月烧烤 季季Party 百万补充商保 腾讯班车 团建出国 尾牙大奖 欢迎有志在大数据领域开拓一片天地的你加入 岗位描述 1 编程及文档化 标准 质量 时间控制 根据产品需求完成需求分析与模块设计 负责研发产品的基础架构设计 开发和升级维护 按照代码标准 保证良好的代码风格和质量 根据要求按时更新文档 对所负责项目或任务的生产运营中的问题进行解决 并协作完成运营过程中需要开发配合完成的工作 能够发现和解决系统的技术问题 保证系统的性能和稳定性2 配合经理完成相关任务目标 对所负责项目和任务的进度 质量进行控制 并和相关需求以及测试人员进行协作配合 确保开发任务的完成岗位要求 1 计算机相关专业 本科及以上学历 3年以上后台开发经验 2 熟练Python和Flask框架 代码能力优秀 3 熟练使用MongoDB 4 熟悉linux Unix常用操作命令 熟悉关系型数据库MySQL或PostgreSQL 了解shell 5 具有高度的责任感 工作积极主动 学习能力强 善于总结 有规范化文档编写良好习惯 6 加分项 有系统部署或运维相关的经验 或熟悉操作系统 存储 上线等技术栈 包括但不限于 docker devops或rhce ccnp证书等相关 7 具备英语阅读能力 CET4或以上 加入我们 你将获得 1 稳定的收入 拖欠工资 不存在 每月准时出粮 还有年度调薪及升职规划 2 健全的福利体系 社保 补充商保 上下班班车接送 让你工作无后顾之忧 3 与90后俊男美女共事 与世界500强高管背景人才共同学习成长 4 专业的岗位技术培训和个人技能培训 差旅享4星级酒店标准 5星级出行补贴 在这里 你将体验每个员工的付出及成长的快乐 兄弟姐妹般的团队情谊 在这里 你的才情和梦想都有发挥之地 让我们一起乘风破浪 带着自己的初心汇同腾讯云的雄心 把更好的产品奉献给用户 职能类别 软件工程师Python开发工程师 关键字 python软件开发django 微信分享
高级Python爬虫工程师,深圳市卖家成长网络科技有限公司,1.5-2万/月,深圳-龙华区,本科,3-4年经验,岗位职责 1 负责搭建或维护爬虫系统开发网页数据的自动化爬取脚本 2 负责数据的抓取 解析 清洗 入库 3 研究设计爬虫模板提高扩展性加快开发效率 4 持续优化系统提高系统的稳定性 5 与产品部门和上级沟通确保数据的准确性及时性 任职要求 1 本科及以上学历理工科相关专业 有电商网站相关抓取经验优先 2 3 5年左右python使用经验 熟悉常用python库的使用 熟悉面向对象编程 且熟练使用scrap框架 熟悉Selenium PhantomS优先考虑 3 熟悉反爬技术 能处理各种反爬问题者优先 4 熟悉Javascript HTML CSS 正则表达式 Path等信息抽取技术熟悉抓包分析请求并模拟 5 熟悉运用Linux操作系统理解进程 线程等概念和联系能独立解决简单常见的问题 6 熟悉MYSQL Redis等数据库操作能进行简单的数据库优化 7 有爬取过国外网站数据优先 职能类别 爬虫开发工程师 关键字 爬虫python软件工程师开发工程师 微信分享
数据开发（会python）,深圳市智慧盾科技有限公司,1-1.5万/月,深圳-南山区,大专,2年经验,岗位职责 负责部门数据仓库建设和业务指标的开发岗位要求 具备3年以上开发经验熟悉数据仓库业务指标开发 模型建设 BI报表开发 熟悉常用OLAP分析工具 有数据治理经验者优先熟练掌握python和SQL语言 熟悉java与scala更佳 有互联网行业的业务指标统计 临时取数 报表开发经验 熟悉MySQL Oracle Hive等大数据仓库组件 责任心强 积极主动 耐压能力强 有良好的对外沟通和团队协作能力 职能类别 ETL开发工程师 关键字 数据数据运营数据分析pythonsql 微信分享
软件工程师（Python）,深圳市信维通信股份有限公司,1-1.5万/月,深圳-宝安区,本科,3-4年经验,1 独立负责部分应用系统的维护和扩展开发 2 参与需求分析 需求评审 撰写相关软件开发文档 3 参与部分应用系统的功能设计 数据库设计及开发工作 4 参与公司多个系统间集成的方案设计和接口开发 任职资格 1 3年以上工作经验 2年以上Python开发经验 统招本科及以上学历 2 扎实的基础知识 数据结构 算法 操作系统 网络及数据库 3 熟悉 Tornado Django 或 Flask 等开发框架 4 熟悉SQLServer Oracle MySQL MongoDB等数据库的设计与开发 熟练掌握SQL优化 事务管理等技术 职能类别 Python开发工程师 关键字 PythonSQLTomadoFlask 微信分享
Python后端工程师,深圳鼎然信息科技有限公司,1-2万/月,深圳-福田区,本科,1年经验,1 收集与分析数据产品功能需求 完成数据产品功能的开发 上线等工作内容 2 与数据产品经理配合 对现有数据产品进行不断迭代 3 使用Python配合数据建模团队清洗及统计车联网 保险相关数据 4 参与系统接口文档 技术文档等相关文档的编写及维护更新 任职要求 1 本科及以上学历 计算机专业或数学专业优先 2 至少1年Python以上开发经验 有c 或java其他开发项目经验优先 3 能够熟练使用SQL语言 熟悉关系型数据库 了解MongoDB Redis等非关系型数据库 4 善于分析 归纳 解决问题 拥有较好的学习能力 能够持续学习 自我迭代 职能类别 Python开发工程师 微信分享
Python高级开发工程师,怡和祥云（深圳）科技有限公司,1.5-2万/月,深圳-福田区,本科,3-4年经验,工作职责 负责物联网系统架构设计 服务器程序开发 负责现有业务系统的二次开发工作要求 本科以上学历 2年以上相关工作经验 精通至少一种后台开发语言 python优先 有Web应用服务开发的经验 熟悉掌握Django Flask等任何一门主流Web框架优先 熟悉Linux Unix系统与开发环境 熟悉Mysql Redis等数据库使用 具有良好的代码风格 接口设计与系统架构设计能力 抗压能力强 勇于挑战 能够适应高强度的研发工作 思路清晰 具备良好的沟通能力和团队协作精神 职能类别 Python开发工程师高级软件工程师 微信分享
Python 软件工程师 (MJ000345),上海移远通信技术股份有限公司,1.2-2万/月,深圳-南山区,大专,3-4年经验,1 负责通信模块Python SDK 网路 BSP 应用 开发调试2 负责云平台相关python开发工作3 搭建系统开发环境 完成系统框架和核心代码的实现 负责解决开发过程中的技术问题4 负责Python技术的相关产品规划 需求 设计 开发 测试等研发工作 职能类别 嵌入式软件开发 Linux 单片机 PLC DSP 微信分享
Python高级研发工程师,深圳市沃享科技有限公司北京分公司,3-3.5万/月,深圳-南山区,本科,5-7年经验,主要职责 1 负责运维系统的后端架构设计和开发 2 负责优化 改进系统 并保证其安全高效稳定的运行 3 参与运营平台 运维系统的需求分析 设计 编码 4 负责开发 完善系统 提升系统质量及效率 5 通过技术手段控制和优化成本 提升资源使用率 6 参与各专项技术调研 新技术引入等前瞻项目 招聘要求 1 本科或以上学历 计算机或相关专业 5年或以上python开发相关工作经验 2 扎实的python基础 精通Tornado 熟悉Python的多线程 进程 协程等操作 3 熟悉常用的消息队列模板 如kafka RabbitMQ等高可用集群消息队列处理方式等 4 熟练使用SQL NOSQL做为web后端数据存储 5 熟悉docker k8s等容器服务 6 有良好的编码习惯 掌握面向对象设计原则 7 有责任心 优秀的团队合作精神 良好的沟通表达和需求抽象能力 8 研究过开源软件代码或有开源项目者优先 9 完整的SaaS 企业服务 公司内部系统等领域的后端项目者优先 10 具有大数据 运维自动化研发经验的优先 职能类别 Python开发工程师 关键字 python 微信分享
Python开发工程师,智臻寰宇高科技（深圳）有限公司,6-8千/月,深圳-宝安区,大专,1年经验,工作内容 1 负责公司标品和定制化业务中Python开发工作 目前主要以互联网项目后端项目开发为主 后期导入数据挖掘和深度学习等算法 2 能够独立完成后端各种功能模块设计 编程 接口开发 联调 维护 升级等各阶段的开发任务 快速解决产品中的bug 按时按质交付产品 3 钻研前沿技术 保持技术的先进性和创新 4 保持学习 根据公司业务需求提升自身的技术能力 高质量地完成公司交付的项目 任职要求 1 诚信正直 具有高度的责任感 具备程序员职业操守 能坚持不懈的完成公司托付的项目 2 一年以上实际Python后端项目开发经验 全日制大专以上学历 计算机科学与技术相关专业毕业 有ERP或者电商商城后台管理系统开发经验者加分 能独立主导后端开发者尤佳 3 熟练掌握Python开发 熟悉常用WEB开发框架和各种库 熟悉常用的数据库 例如 Mysql Redis Mongodb等 熟悉微服务架构和分布式开发者加分 4 学习能力和可塑性强 能根据公司业务需要 调整和开发自己的技能 5 熟悉深度学习算法者加分 公司理念 创造和利用更先进的技术让人类生活得更美好 我司的优势 1 对员工长期培养和提升 2 先进的经营理念 人性化的管理 3 保持技术的核心竞争力 职能类别 Python开发工程师 关键字 PythonDjango开发工程师 微信分享
Python开发工程师,深圳市凯天达科技有限公司,1-2万/月,深圳-南山区,本科,3-4年经验,1 负责设计 开发 维护 重构分布式的网络爬虫 包括调度 抓取 维护 验证等爬虫工作 2 负责抽取算法和数据库建模的调研和设计 保证抽取 去重 分类 解析 增量融合入库等流程之后的数据结果 3 对反爬机制有研究 有能力破解复杂图片验证码 账号限制 ip限制设计爬虫策略和防屏蔽规则 提升网页抓取的效率和质量 4 能够熟练使用各种爬虫技术 并能够通过多种应对策略 包括但不限于 代理池 模拟登录 验证码处理 浏览器渲染等 来保证数据的持续交付 任职资格1 全日制本科及以上学历 计算机或相关专业 2 至少3年以上爬虫 搜索 数据库建模的开发经验 熟练掌握Python 3 有能力破解复杂的图片验证码 有能力解决复杂的反爬限制 4 熟悉爬虫抓取原理及技术 熟悉搜索引擎 从结构化的和非结构化的数据中获取信息 5 具有分布式 多线程 协程 进程的编程经验 有可证明的良好编码习惯 职能类别 Python开发工程师 关键字 python爬虫软件工程师 微信分享
Python开发工程师,元大数据服务（深圳）有限公司,1-1.3万/月,深圳-宝安区,大专,3-4年经验,1 3年以上Python开发经验 有独立项目开发或管理经验 积极主动 工作独立 2 熟练使用 Python 常用模块和第三方模块 框架等 3 精通Flask Django等框架下运维自动化平台开发 4 熟悉Tcp Ip Http Https Snmp Ldap等常用协议 5 熟悉Linux操作环境 能编写shell 脚本 熟练使用Mysql Nginx Redis MongoDB 6 熟练使用版本管理系统 Git 或 Svn 7 有 Docker Gitlab Jenkins 等使用经验 了解 IOT 物联网行业者优先 8 有系统运维经验者优先 9 良好的系统分析能力和文档管理能力 具有清晰的逻辑思维能力和较强的学习能力 独立完成过应用系统的需求分析 概要设计 详细设计 数据结构设计 并根据需求进行模块化和面向对象分析设计 10 有一定的英语文档阅读与沟通能力 11 良好的个人职业道德素养与团队合作精神 具备良好的沟通能力 为人积极向上 工作细致耐心 执行能力强 自学能力强 思路清晰 善于思考 具备独立分析和解决问题的能力 职能类别 Python开发工程师 关键字 Docker服务器配置FlaskLua 微信分享
Python,信必优(深圳)信息技术有限公司,1.2-1.5万/月,深圳-福田区,大专,3-4年经验,熟悉python flask框架及Django架构 熟悉mongodb mysql数据库的使用 熟悉jave语言 linux she11脚本者优先 2年以上python脚本开发经验 有flask项目开发经验 职能类别 Python开发工程师 微信分享
Python开发工程师,深圳小火花软件科技有限公司,0.7-1.4万/月,深圳-福田区,本科,2年经验,岗位职责 1 负责公司项目总体框架 原型 核心模块 数据采集等的设计与开发 2 负责公司软件系统的研发 运维和迭代开发 3 与前端工程师 UI设计师 产品协作 高效完成相关的后台设计开发工作 4 总结 提炼 优化协同工作流程 参与建立 完善公司软件项目开发规范 任职要求 1 全日制大学本科及以上学历 计算机软件相关专业毕业 英语较好 2 2年或以上Python开发经验 Python基础扎实 熟悉常用的类库 3 熟练掌握Django Flask其中任一web框架 至少两年左右的web开发经验 4 熟练掌握linux环境下的开发和部署 熟练使用git svn版本管理工具 5 熟练掌握MySQL Redis等数据库 对性能优化有一定的理解 6 熟悉常用的数据结构 算法和设计模式等 熟悉爬虫开发 前端开发基础 网络编程 PHP开发等优先 7 有良好的沟通能力 团队协作能力 书面表达能力和审美能力 8 进取心和求知欲强 热爱学习 勇于挑战 敢打敢拼 能打能拼 愿意参与创业团队一起打拼 福利待遇 1 薪资结构 基本工资 绩效工资 项目提成 带薪年假 2 社会保险 公司统一购买5险1金 养老保险 工伤保险 失业保险 医疗保险 生育保险 住房公积金 3 带薪年假 正式员工享有带薪休假 除了国家法定假期 法定假日 婚假 产假等 另工作满一年的员工可享受5天的带薪年假 之后每满一年加一天 4 工作时间 五天制大小周 每天工作8小时 有较紧急的任务时需适量加班 职能类别 Python开发工程师 关键字 pythondjango软件开发爬虫 微信分享
Python开发工程师,深圳小安时代互联网金融服务有限公司,1.2-1.8万/月,深圳-南山区,本科,2年经验,岗位职责 1 参与企业级数据处理及分析平台的搭建和研发 2 参与数据服务API的框架的搭建 研发以及优化 3 参与共享经济结算平台的后端服务系统搭建 研发以及优化 4 参与部门内部信息流平台的研发和优化 任职要求 1 Python开发全职类工作2年或以上 2 本科及以上学历 计算机专业 3 Python基础扎实 熟悉常用的类库 4 掌握Tornado Django Flask其中任一web框架 至少两年左右的web开发经验 5 熟悉Redis Memcached Postgresql Mysql Nginx celery等的基本原理和使用 6 掌握linux环境下的开发和部署 掌握gitlab的使用 7 熟悉常用的数据结构 算法和设计模式等 8 有分布式应用系统开发 爬虫开发经验 大数据开发 Hadoop Storm Spark greenplum等 经验者优先考虑 工作地址 职能类别 PHP开发工程师 微信分享
Python大数据分析工程师,深圳市兰洋科技有限公司,1.5-2万/月,深圳,本科,5-7年经验,一 岗位职责 1 数据分析 及时响应公司的数据分析需求 负责业务数据的提取和分析 并输出相关报表 2 数据挖掘 根据当前的数据分析结果 深入挖掘潜在的业务漏洞 数据关系等 提供有价值的决策信息和创新意见 3 深入熟悉公司各产品业务流程 包括软件 硬件 平台等 为随时的数据分析做准备 4 负责开发和维护数据分析相关的Python SQL脚本 Excel文件 二 岗位要求 1 计算机软件或者相关专业 本科及以上学历 2 精通Python语言 在大数据 人工智能 深度学习领域有经验 能熟练运用 Numpy Pandas Scikit learn StatsModels等常用库进行数据分析并作图 3 熟悉Spark Flink HBase Phoenix Hive Presto ElasticSearch Kafka等数据分析架构4 熟悉SQL SERVR MYSQL等主流数据库技术 NoSQL存储 Redis Mongodb 及Rabbit MQ等消息中间件 5 精通面向对象程序设计 多线程编程及其调优 6 熟悉人工智能方面的常用库Tensorflow OpenCV等优先 7 熟悉JAVA C 编程优先 8 英语四级以上 能熟练阅读英文文档 9 有3年以上工作经验 熟悉开发流程 有良好的设计思路和编程习惯 10 有较强的自学能力 能够快速接受并掌握新知识 11 敢于面对和克服困难 具有分析和解决问题的能力 12 具有团队合作精神 有责任感 对工作认真负责 有一定的协调和沟通能力 职能类别 大数据开发工程师 关键字 python数据大数据开发分析大数据 微信分享
软件开发工程师Python（深圳）,杭州宏杉科技股份有限公司,1.2-2万/月,深圳-南山区,本科,2年经验,1 负责开发存储平台软件 承担需求分析 设计 编码 测试及维护工作 2 工作范围包括但不限于SAN存储 分布式存储系统 超融合系统 云管平台等 岗位要求 1 大学本科及以上学历 计算机及相关专业毕业 2 精通python语言编程 熟悉Go语言 C语言 3 有Openstack或kubernetes相关软件的开发 使用经验 4 了解开源社区运营 有一定使用经验 善于沟通 执行力强 5 精通TCP IP协议及SOCKET编程 6 精通操作系统原理 熟悉LINUX系统 7 能流畅阅读英文资料 具有一定英文写作能力 8 有分布式系统 超融合系统 各类云管平台使用 开发经验者优先 职能类别 Python开发工程师 关键字 python 微信分享
高级后端（python）,尼尔林技术咨询（深圳）有限公司,3-4万/月,深圳-南山区,本科,3-4年经验,职位描述 对代码扫描系统进行架构设计 性能优化 提升系统稳定性和扩展性 任职要求1 五年以上后端工作经验 2 本科及以上学历 有知名互联网公司工作经历更佳 3 精通 Python 语言 有扎实的编码能力 良好的编码规范 掌握 Django 框架 4 对 Python 后端技术栈 消息队列 MySQL 数据库等有较高的认知 5 熟练掌握 Java C Golang 等编程语言者优先 6 有静态检查工具使用经验更佳 7 优秀的逻辑思维和解决问题的能力 积极主动 认真负责 头脑灵活 具有良好的沟通 团队协作能力 对工作有激情 8 研究过开源软件代码或有开源项目者优先 职能类别 Python开发工程师 微信分享
Python工程师,傲基科技股份有限公司,1.2-2万/月,深圳-龙岗区,本科,3-4年经验,岗位职责 1 理解用户需求 参与web项目方案设计 2 项目软件系统的设计开发和升级迭代 3 软件项目的线上维护和缺陷修复岗位要求 1 具有统招本科以上学历 计算机等或相关专业 2 具有1年以上python项目开发经验 精通Python语言 3 熟悉基于Python的Web开发技术 熟悉Django等常见架构 4 熟悉MySql Redis MongoDB等数据库 5 熟悉前端 Vue React 编码 具备一定的前端开发能力 6 熟悉Scrapy等爬虫框架 理解HTTP协议 7 熟悉GIT等CI工具 具备良好的代码编程习惯及团队合作意识 职能类别 Python开发工程师 微信分享
Python研发工程师,深圳市云图华祥科技有限公司,1-2万/月,深圳-南山区,大专,3-4年经验,岗位职责 1 负责3D打印开源软件项目Web端与PC端的二次开发 2 使用Python的Flask开发框架进行开发 需要快速交付高质量的代码 不断创造新的Web产品和优化现有的产品 3 进行需求分析并进行对应的功能设计 任职资格 1 计算机相关专业专科及以上学历 3年以上Python开发经验 有良好的编码习惯 熟悉 Django Tornado Flask 等其中至少一种框架 2 了解HTTP协议 websocket以及restful api规范 3 熟悉Linux操作系统下的开发 部署 维护等工作 4 熟悉敏捷开发 编写高质量的 整洁简单 可维护性的代码 构建可重复使用的代码以及公共库 5 具备良好的团队合作能力 善于解决问题 拥有较强的自学能力 具备创新思维能力 加分项 1 有硬件通信模块的相关工作经验 2 熟悉树莓派 香橙派开发 公司福利 1 双休制 年假 国家法定节假日 2 五险一金 专业培训 定期体检 节日福利 补充保险 绩效奖金 年终奖金 年度调薪 员工旅游 中国铁道科学研究院是中国铁路 的多学科 多专业的综合性研究机构 已发展成为集科技创新 技术服务 成果转化 咨询监理 检测认证 人才培养等业务为一体的大型科技型企业 目前公司已经提供的产品和服务有企业数据管理平台 铁道竣工资料管理系统 铁道影像资料管理系统 铁道安全与质量管理系统 铁道工艺二维码管理系统 铁道质检站管理系统 铁道数字化交付系统 二维 三维 铁道数字化档案管理系统 铁道知识库系统 铁道知识管理系统 铁道企业数据管理咨询服务等 并得到铁道总公司的大力支持 在全国范围内所有高铁项目上逐步推广 目前已经在京张城际铁路 银西铁路 郑万铁路 合安铁路 川南城际铁路 京沈铁路 京翼铁路 成贵铁路 成兰铁路 金台铁路 京滨城际铁路 安九铁路 青连铁路 商合杭铁路等近百个工程项目上得到深入应用 中国高铁是国家基础建设的核心 投资巨大 国家规划到2030年 基本实现内外互联互通 区际多路畅通 省会高铁连通 地市快速通达 县域基本覆盖 未来十年 公司将以服务中国高铁的信息化为核心 保证公司业绩稳定和高速增长 同时公司还将在现有基础上将业务范围扩展到地铁 公路 市政 电力 水利 建筑 园林 装饰等行业 公司发展前景广阔 预计在五年左右实现上市 公司以人为本 求贤若渴 提供良好的工作环境 弹性的工作模式 以成果为导向的奖励制度 欢迎有目标 有梦想的精英人士加盟 职能类别 Python开发工程师 关键字 Python研发工程师 微信分享
Python开发工程师-[150193],深圳市捷顺科技实业股份有限公司,1.5-2.5万/月,深圳-福田区,本科,3-4年经验,岗位职责1 负责设计 开发各种运维工具 包括开源工具的二次开发 一起推动标准化 自动化 智能化 2 负责梳理并完善编码规范 编写高质量 高效率 结构清晰 易读 易维护的代码 3 负责现有运维平台及运维工具的优化和定制开发工作 提升用户体验和可用性 4 负责对新运维开发技术和方案进行研究 评估和引进 提升运维生产效率 5 协助规划建设运维分析平台 量化指标 提升运维效率 质量 6 协助业务系统的日常运维 性能调优 问题定位与解决及业务的监控与分析 7 完成上级交办的其他工作 职位要求1 本科及以上学历 计算机及相关专业 5年以上大中型运维开发经验 2 精通Python脚本语言 熟悉Django Sqlalchemy Celery使用 3 熟悉Unix Linux操作系统 熟练掌握Shell脚本编写 4 熟悉数据库MySQL 中间件Redis Kafka等常规应用的使用 5 熟悉Saltstack Puppet Ansible等自动化运维 配置管理工具 6 具备扎实的数据结构和算法知识 熟悉常用的设计模式 7 具备良好的编码习惯 注重开发效率和开发质量 8 具有代码发布 统一前端 资产配置管理等平台开发经验者优先 9 善于沟通 有较强的执行力 团队合作能力以及开拓创新精神 职能类别 Python开发工程师 关键字 python 微信分享
Python开发工程师（RPA方向）,百思特管理咨询有限公司,0.7-2万/月,深圳-南山区,本科,1年经验,1 深入理解RPA 机器人流程自动化 给行业客户带来的价值 主动理解客户的业务操作流程 对自动化的需求 提供RPA的设计方案 2 根据RPA应用研发制度与流程 进行RPA应用的研发 部署 优化 确保自动化流程的正确性 稳定性 3 完成RPA应用的发布工作 包括编写使用说明书 客户培训等 4 协助完成产品上线后的技术支撑工作 保障产品的正常推广使用 持续提升产品质量 积极主动融入RPA研发团队 学习RPA产品的功能及技术 总结各类应用开发的经验 为产品迭代升级提供建议和投入相应开发 任职要求 1 本科及以上学历 计算机 软件工程 通信工程 网络工程等相关计算机专业 一年以上相关工作经验2 精通 python 语言 熟悉HTML Xpath3 了解测试自动化的工具和框架 如selenium Xpath pywinauto Windows UIA4 掌握lmysql的基本操作5 具有较强学习能力 勇于挑战困难 有不达到产品目标不罢休的干劲6 诚实可靠 把客户和公司的数据 资料 软件的安全和保密放在首位 能适应出差 职能类别 Python开发工程师 关键字 python 微信分享
高级Python工程师,深圳市赛纳电子科技有限公司,1-1.8万/月,深圳-龙华区,本科,2年经验,1 负责开发新爬虫和优化现有的爬虫 2 负责网页信息抓取结果的抽取 数据清洗 分类 聚类等研发工作 3 完成目标网站数据采集与爬取 解析处理 入库等数据日常工作 4 负责爬虫平台系统的架构设计与开发以及爬虫核心算法的策略优化研究 5 跟进技术热点 及时更新新的爬虫功能 持续优化分布式爬虫策略 职位要求 1 本科 英语四级及以上 2年以上数据精通网页抓取原理及技术 2 熟悉Scrapy框架 有过相关项目经验 3 对反爬虫策略 验证码破解 非调用打码平台 等有一定的经验 4 熟练使用正则表达式 css path xpath等 能够从结构化的和非结构化的数据中获取信息 5 熟悉网页爬虫 分布式 多线程开发技术 6 有爬取电商平台如亚马逊 天猫 京东经验者优先 职能类别 Python开发工程师高级软件工程师 微信分享
Python高级开发工程师,雷神科技有限公司,1.5-2万/月,深圳-南山区,本科,3-4年经验,岗位职责 1 负责参与设计和开发分布式高并发网络爬虫系统 进行多平台信息的抓取和分析工作 网页和APP分析 数据抽取 清洗 消重等工作 以及爬虫监控系统的开发与维护 2 专注于垂直领域数据爬取 进行多平台信息的抓取和分析 3 参与爬虫系统架构的设计和开发 构建高效的爬虫系统 4 研究优化爬虫算法 提升爬虫系统的稳定性 可扩展性 5 设计爬虫策略和防屏蔽规则 提升网页抓取的效率和质量 6 能独立解决实际开发过程中碰到的各类问题 岗位要求 1 计算机相关专业 爬虫工作年限3年以上 2 熟练掌握 Python 语言 3 熟悉 HTML CSS JS XPath 正则表达式 AJAX HTTP协议等 4 熟悉Scrapy celery requests等框架 5 熟悉爬虫抓取原理 掌握APP PC逆向分析 JS混淆 字体等常见反爬解决技能 5 熟悉高并发 分布式 异步 多线程 逆向分析等爬虫技术 重点 6 熟悉关系型数据库 非关系型数据库 MongoDB 缓存数据库 Redis Memcached 7 有良好的逻辑思维能力 沟通能力 学习能力 团队合作精神 8 具有攻克难题的强烈兴趣以及提升技术能力的意愿 9 熟悉TCP IP HTTP HTTPS等网络协议 熟悉web前端 可读懂js代码 熟悉前端异步请求方式 团队 我们的团队是80 90后为主 队友很nice 团队氛围很好 是一批高素质 高学历的技术团队 为业务提供强有力的后盾福利 我们定期有下午茶 每天零食不断 我们定期聚餐 团建 生日会 节假日等福利 职能类别 爬虫开发工程师Python开发工程师 关键字 爬虫python软件工程师软件开发django 微信分享
Python工程师,深圳市北科瑞声科技股份有限公司,0.8-1.6万/月,深圳-南山区,本科,3-4年经验,岗位职责 1 负责后台功能搭建 业务系统核心模块的开发 调优和维护 2 参与业务系统的需求分析和架构设计 研究并解决技术难题 改进现有技术方案和探索新的技术方向 3 根据进度要求 时高质量交付 并负责撰写技术设计文档和文档的维护 任职要求 1 全日制本科及以上学历 计算机或相关理工科专业背景 3年相关工作经验 2 Python基础扎实 熟悉Flask框架 熟悉http gRpc websocket等主流协议 具有扎实的计算机基础和编程能力 掌握常见的数据结构和算法 3 熟悉tensorflow bert等相关机器学习框架 4 熟悉Linux 掌握MySQL数据库使用和优化 掌握Mongodb Redis ES等系统使用和优化 5 了解php html H5优先 6 有搜索引擎或者NLP开发经验者优先 7 具备独立开发项目能力 熟悉项目开发 上线 运营维护的整套流程 8 熟悉Git 有良好的编码习惯 能够书写规范 优质的代码 9 有强烈的工作责任心和主动性 具备良好的团队沟通协调能力 能在压力下主动推进问题解决 职能类别 Python开发工程师 关键字 python爬虫软件开发软件工程师开发工程师开发工程师 微信分享
Python开发工程师（SZ01）,上海新致软件股份有限公司,1.2-1.7万/月,深圳-福田区,本科,3-4年经验,岗位职责 1 参与研发效能度量平台的设计开发和推广工作 与各项目组紧密协作 了解敏捷及DevOps转型的挑战 帮助项目团队深挖交付周期中的瓶颈和痛点 提供相应的解决方案以实现高效的端到端交付 2 与交付周期不同环节的人员保持充分沟通 为打通交付工具链及提高团队效能提供解决方案 开发相应自动化工具 以及对现有工具的二次开发 3 分享DevOps相关理念和知识 引导团队人员掌握相关工具的使用和 实践 任职要求 1 熟悉Python编程语言 熟悉flasksqlalchemy requests等模块 热爱编程 2 熟悉mysql数据库 有BI工具开发经验者优先 3 有前端开发经验者加分 4 熟悉以下工具者优先考虑JIRAI Confluence Git GitLab Maven Gradle NPM Jenkins 等 愿意学习探索新的工具并掌握 实践 职能类别 Python开发工程师 关键字 python 微信分享
Python/编程老师（国际赛事大牛）,深圳童程童美教育有限公司,0.8-1.5万/月,深圳-宝安区,本科,无需经验,公司介绍 童程童美2014年在美国NSDQ上市 迄今已有18年编程教育经验 专注于中国3 18岁青少年STEAM创客教育的领跑品牌 目前在全国60多个城市设有300 直营校区 超过8万名学员选择童程童美少儿编程 始终坚持线上 线下一体化教学 企业文化 愿景 希望通过国际化 丰富多元的STEAM创客教育体系 为中国儿童搭建起拥抱国际和迎接未来世界的能力桥梁 使命 看准未来 着眼世界 让中国儿童前程更美好价值观 诚实 创新 国际 多元 开放 合作 职位描述 1 负责讲授wedo Ev3课程 并组织整体的上课工作2 负责整体把控班级学员学习情况 及时与学员进行沟通交流3 负责整理学员学习报告 定期做家长回访 及时发现问题 解决问题4 负责及时批改学员作业 并解答学生问题 进行有效的辅导5 负责组织学生测评 并评定成绩 做好成绩分析工作 根据分析结果对相应学员进行辅导6 负责配合班主任和其它人员的相关工作 任职资格 1 全日制本科及以上学历 计算机专业优先2 有一定的web前端开发经验 了解游戏设计开发者优先3 了解Java语言 JavaScript语言 Python C 语言中的其中一门语言4 普通话标准 表达清晰有条理5 优秀的应届生亦可 职业发展 本岗位平均薪资在12K 25K 试用期员工平均收入在10000元20 正式员工收入10000元以上50 正式员工收入15000元以上30 正式员工收入20000元以上专业方向 初级 中级 高级 资深 专家 培训师 总部销售运营岗管理方向 助理讲师 教学主管 教学经理 教学总监 副校长 中心校长内部晋升职位 公司招募职位以内部竞选员工优先 占比80 晋升周期 半年一次一对一竞聘述职机会 看能力不看资历 培训体系 1 校长亲自一对一带教 制定相应的培训带教计划 层次关单 帮助成长2 总部培训督导部定期组织专业化培训 各校区互相学习3 线上云学堂培训课程 全国分享 管理培训等等 福利待遇 1 月度Top奖 每月评优 额外奖励1000元2 年中评优奖 年中评优 奖金 达30000元3 免费学课程 内部员工云学堂APP免费在线学习4 岗前培训 完善的新人岗前带薪培训 教您全面掌握工作技能技巧5 办公环境 北欧简约风格 舒适休闲 配备空调微波炉冰箱饮水机等6 餐补社保 每天10块餐费补助 试用期即购买深圳市一档社保 7 带薪假期 年休假 产假 婚假 病假等有薪假期 优秀者福利假期8 丰富活动 员工准备生日会 部门活动费 传统节假日 生日庆贺等福利9 晋升快速 晋升机制健全 每半年进行区域总一对一述职公开竞聘 提供良好的发展平台10 股权激励 优秀核心员工可参与员工持股计划 获得公司股票期权 鼓励和公司一同发展 资源优势 1 学员前期在官网进行主动咨询 留有姓名 手机号码 学习需求等2 线上和线下的大量广告投放 地推拉访 带来大量精准学员资源3 十七年的品牌经营 全国范围内分布300家直营校区 知名度高4 设后端学院 全职的优秀教师进行教学研究和讲课 保证教学质量 工作时间 周一周二 休息 周三 周四 13 30 21 30 周五 周日 9 00 21 00 工作地点 深圳市内所有中心 分布在南山田 宝安 罗湖 龙华 龙岗 均在繁华的商业区地铁口附近 交通便利 根据个人意愿和公司编制就近分配 固定校区办公 以下地点均可考虑 1 童程童美香蜜湖中心 深圳市福田区竹子林建业小区46栋小班布教育城二楼整层 农林地铁站A出口斜坡上去 2 童程童美翠竹中心 深圳市罗湖区翠竹街道文锦路东文锦广场文锦教育城3楼C区 翠竹地铁站D口出 3 童程童美百花中心 深圳市福田区百花二路百花园一期裙楼百花文化中心L313A 通新岭D口4 童程童美大剧院 深圳市罗湖区鼎丰大厦二楼 大剧院站F口 万象城对面 5 童程童美福田中心 深圳市福田区福强路3004号中港城1楼 益田地铁站B出口 6 童程童美宝安中心 广东省深圳市宝安区西乡雍和园同学都荟教育城2楼C2C3C147 童程童美南山中心 深圳市南山大道新绿岛大厦10楼 南山地铁站A出口 8 童程童美香蜜湖1979中心 福田区侨香路1011号 1979文化生活新天地B栋 302 1 2号线香梅北B2出口 9 童程童美万象汇校区 龙岗区萝岗路心信义金御半山1期D区一楼商铺10 童程童美龙岗中心 深圳市龙岗区东方明珠城 方茄城商场3楼 龙城广场地铁站D出口200米 11 童程童美布吉中心 深圳市龙岗区星悦天地3楼 丹竹头地铁站B出口300米 12 童程童美龙华中心 深圳市龙华区同学都荟红山荟2楼 红山地铁A口500米 13 童程童美灵芝校区 深圳市宝安区华联城市全景一楼53号商铺 童程童美 洪浪北D口出 14 童程童美深圳湾中心 深圳市南山区后海滨路与岸湾三街交汇处 曦湾天馥裙楼1楼 海月地铁站A出口直行100米 15 童程童美总部 深圳市宝安区新安街道新湖路99号 壹方城中心B塔1305 10室 宝安中心地铁站F出口 职能类别 培训讲师 关键字 编程 python Java steam讲师 微信分享
Python开发工程师,深圳市鼎驰科技发展有限公司,0.9-1.2万/月,深圳-福田区,本科,2年经验,1 全日制大学本科及以上学历 计算机相关专业 2 熟练掌握Python语言 数据结构功底扎实 1年以上python开发经验 3 熟悉python数据分析 文档解析的常用工具 熟悉正则表达式 4 熟练掌握sql 有Oracle Mysql SqlServer使用经验 有数据清洗 ETL构建等大数据开发经验者优先 5 具备较强的责任心 工作认真负责 6 良好的语言表达和沟通能力 良好的团队合作精神 岗位职责 1 负责统一研究平台数据自动化开发工作 2 负责投资研究数据分析及相关组件开发 3 研究平台数据管理及数据工程工作 长期 职能类别 Python开发工程师 关键字 数据分析 微信分享
算法工程师（Python）,深圳市数码人技术有限公司,1.5-2万/月,深圳-南山区,本科,2年经验,岗位职责 1 参与完成项目的系统分析 设计 并负责业务功能与底层基础功能的功能设计 代码实现与单元测试 2 根据业务需求提供合理的技术解决方案 3 改进现有模块功能 提高系统的健壮性 稳定性以及性能 任职要求 1 熟悉Python编程语言2 掌握深度学习 机器学习的基础理论和算法知识3 熟悉Tensorflow框架4 具备团队协作能力 有进取心和责任心5 本科及以上学历6 至少2年AI产品研发经验优先条件 1 参加过国内外人工智能竞赛2 从事过图像处理相关工作 职能类别 算法工程师 微信分享
初级Python开发工程师,埃克斯工业（广东）有限公司,0.8-1.5万/月,深圳-南山区,本科,1年经验,职责描述 负责产品 项目部分模块的开发 简单脚本及Demo的开发 1 完成高级开发工程师交下的任务 2 根据开发规范和流程 独立完成模块的设计 编码 测试及相关文档 3 后期会负责一定的产品维护和技术支持 任职要求 大专以上学历 计算机相关专业 1年以上工作经验1 熟悉Python Java Scala至少一种语言 Python优先2 基础知识扎实 熟悉MVC框架或者其它框架3 熟悉关系数据库mysql 熟悉linux操作系统4 有项目经验优先专业技能或能力 1 良好的思维能力 学习能力 解决问题能力2 良好的沟通能力 责任感 团队合作精神 3 热爱技术 热爱生活 职能类别 Python开发工程师 关键字 python 微信分享
Python开发工程师,深圳弘广商科技有限公司,2-3.5万/月,深圳,大专,3-4年经验,岗位职责1 专注于垂直领域数据爬取 进行多平台信息的抓取和分析 2 参与爬虫系统架构的设计和开发 构建高效的爬虫系统 3 研究优化爬虫算法 提升爬虫系统的稳定性 可扩展性 4 设计爬虫策略和防屏蔽规则 提升网页抓取的效率和质量 5 能独立解决实际开发过程中碰到的各类问题 岗位要求1 熟悉TCP IP HTTP HTTPS等网络协议 熟悉web前端 可读懂js代码 熟悉前端异步请求方式 2 熟练使用Python语言 熟悉常用爬虫框架如Scrapy等 3 熟练使用selenium lxml bs4 xpath 正则表达式对xml html的文本进行抓取解析清理 4 有分布式爬虫开发经验 熟悉反爬虫技术及破解方法 5 熟悉MySql MongoDB Redis等常用数据库 职能类别 Python开发工程师 关键字 Python抓取MySQL网络爬虫数据抓取 微信分享
Python开发工程师,深圳市神州动力数码有限公司,0.8-1.2万/月,深圳-南山区,招2人,2年经验,技能要求 java Python 蓝鲸SAAS Shell DJANGO职位描述1 负责设计 实现运维管理相关自动化工具或流程编排 优化运维流程 减少人工干预 提高系统自动化管理水平 2 负责运维管理平台优化和定制开发工作 参与运维体系建设 3 蓝鲸运维平台新技术预研 导入及培训输出 岗位要求 1 精通shell python java中的至少一种脚本语言 具有较强的开发技能 2 具有Python Django Ant Design等前或后端开发经验 3 具有较广的知识面 较强的文档撰写和表达能力 4 具有积极的工作态度和努力研究的精神 学习能力强 善于思考 有良好的沟通能力和团队合作能力 有以下经验者优先 1 具有运维平台开发 开源产品开发经验者优先 需提供架构设计及产品截图 2 具有蓝鲸流程编排引擎开发或K8S实施运维经验者优先 3 具备Python Django Ant Design或蓝鲸Saas应用定制开发经验值者优先 职能类别 Python开发工程师 关键字 Python自动化运维软件开发蓝鲸运维二开 微信分享
Python工程师,深圳市柠檬树科技有限公司,1.2-1.5万/月,深圳-龙岗区,大专,2年经验,岗位职责1 大专以上学历 熟练使用Python语言2 利用 python的爬虫框架 采集各大网站的数据 3 熟悉python网络爬取基础库或相关工具 scray ysider Selenium 4 按照需求完成数据库设计 定义 数据清洗入库 质量优化等工作5 根据任务目标 完成数据分析 可视化展示6 熟练使用PHP JAVA中至少一门语言要求 1 至少数据处理相关经验2年以上2 熟悉 Python爬虫框架 具备定的反爬破解能力 3 精通sq 熟恶正则表达式 可完成数据清洗 分析工作 4 有数据库建模经验 可独立完成数据库表设计 数据入库 数据开发 数据质量优化工作 5 具有较强的分析和解决问题能力 对数据采集及利用工作有充分热情6 有跨境行业经验优先考虑 职能类别 其他 微信分享
Python开发工程师,深圳兆日科技股份有限公司,1.1-2万/月,深圳-福田区,本科,2年经验,岗位职责 1 负责DevOps平台研发 2 编写自动化脚本 任职要求 1 计算机 通信 电子或相关专业 2年以上相关行业工作经验 2 精通自动化配制管理工具的使用 Ansible等 熟悉Shell Python中至少一种语言 熟练优先 python优先 3 熟悉主流操作系统 中间件及数据库 如 linux Oracle Mysql Redis Nginx Weblogic Tomcat Apache zookeeper等 4 了解docker kubernetes技术的优先考虑 5 具备较强的学习能力 良好的沟通能力 强烈的团队合作意识 职能类别 软件工程师系统工程师 关键字 pythonshellpython开发 微信分享
Python开发工程师,优车库网络科技发展（深圳）有限公司,0.8-1.5万/月,深圳-福田区,本科,2年经验,岗位职责 1 数据应用后台开发 支撑部门系统性开发的后台开发部分 负责包括不限于估值网站 PC APP 数据可视化报表 汽车行业数据产品等的后台开发工作 并保障良好的性能与良好的容错能力 2 协助搭建数据中心基础平台 包括不限于服务器环境搭建及应用部署 服务监控 资源监控 数据及系统性安全管理等 3 开发规范制定及制度建设 撰写相关开发技术文档 开发规范文档 开发制定文档并保障实施 4 完成领导交办的其他临时工作 岗位要求 1 本科及以上学历 计算机专业优先 两年以上相关工作经验 2 熟悉Python开发 良好编码习惯 熟悉面向对象和设计模式 3 熟悉Web相关开发框架 Flask 4 熟悉对应的数据处理框架Pandas numpy等 5 熟悉Unix linux系统操作 对常用命令运用娴熟 能编写shell脚本 6 熟悉NoSQL存储 Redis RabbitMQ等中间件 7 熟悉MySQL以及SQL语言 对Sql优化有一定的经验 福利待遇 1 丰厚的年终奖金 高温 通信 全勤等全面的津贴 节日福利 2 入职购买五险一金 年度体检 3 公司和部门的员工活动多多 每月团建 文体活动 员工生日会 旅游等 4 五天8小时工作制 按国家通知休假与享受有薪假期 5 良好的团队氛围 全面的人性关怀 充分的信任与授权 6 公司团队快速扩大中 健全的培养体系 广阔的个人发展空间 7 优秀员工可享受股权激励 职能类别 Python开发工程师 关键字 python 微信分享
Python开发工程师,深圳市有传科技有限公司,1.5-2万/月,深圳-南山区,本科,3-4年经验,岗位职责 1 当前SaaS平台的后续开发工作 完成需求的整理和接口设计 2 按照项目计划 按时提交高质量代码 完成开发任务 3 规范文档的编写 维护 以及其他与项目相关工作 并能良好配合前端 任职要求 1 本科以上学历 2年以上相关工作经验 2 熟悉Python的后台开发工作 具有丰富的项目开发经验 3 有RESTful API的设计开发经验 熟悉Django Flask等框架 对OOP有较深入的认识 4 扎实的数据结构和算法知识 熟悉常用的设计模式 5 熟悉常见的关系型数据库的操作 对MySQL MongoDB Redis等能够熟练使用 6 熟悉 ZooKeeper kafka elasticsearch Rabbitmq或nsq等 并了解相关的工作原理 7 有海量数据 高并发处理经验优先 8 具备良好的编码习惯 注重开发效率和开发质量 9 热爱技术研究 性格乐观开朗 逻辑性强 沟通合作能力较强 能承受一定的压力 职能类别 Python开发工程师 关键字 PythonRESTfulMySQL 微信分享
Python开发工程师,智令互动（深圳）科技有限公司,0.8-1.2万/月,深圳-南山区,大专,2年经验,1 实现业务系统的后端服务 并和前端工程师紧密配合 确保系统按时上线并且功能完备 2 参与业务需求分析和产品设计 在初期就围绕业务目标 发挥自己的创造力和生产力 3 结合业务不断思考后端服务如何优化 如何拆分 如何提纯 让架构在思考和实践中不断进化 4 服务器的日常运维 数据统计与监控 5 负责后端项目业务功能的持续迭代与代码风格的重构优化 岗位要求 1 有扎实的Python基础 2年以上Python及后端开发经验 2 熟悉Django Flask SqlAlchemy 等常用框架和库 需具扎实的Django项目经验 3 熟悉各种后端服务 有折腾优化nginx apache等服务器容器的经验 4 具有优良的代码习惯 重视代码质量 5 熟悉web服务开发 了解HTTP相关协议 Nginx相关配置 6 掌握 REST API 标准和接口开发 7 熟悉MySQL使用及其性能调优 具备Redis或MongoDB等非关系型数据库的使用经验 8 具备音视频开发经验优先 熟悉ffmpeg框架 熟悉H 264 HEVC等视频编码标准 熟悉常见多媒体封装格式 9 对后端相关技术栈 异步框架 消息队列等有较充分的认识 10 有对庞大数据的处理统计分析经验 11 有一定的linux服务部署经验 熟悉MySQL主从复制 读写分离及Redis集群等 职能类别 Python开发工程师 关键字 PythonDjangoMySQL音视频FlaskSqlAlchemynginxapache 微信分享
软件开发工程师（Python),德硕管理咨询（深圳）有限公司,0.8-1.5万/月,深圳-福田区,大专,2年经验,岗位职责 1 负责IoT数据分析和企业系统开发2 编写设计文档 实现项目中功能的代码与单体测试3 解决项目中的问题和技术难题4 能独立解决开发问题 学习并应用新技术到项目中岗位要求 1 大专及以上学历 计算机相关专业 2 有日语基础 要求能阅读书写技术文档和一定的业务交流 英文优秀者也可以 3 有对日开发经验优先 4 熟悉pyton numpy pandas flask HTML CSS JavaScript SQL 5 熟悉matplotlib Google Chart Echarts等主流可视化工具 6 具有实际开发经验2年以上 7 如果有ML DL相关知识和实际经验优先考虑 8 逻辑思维优秀 有良好的沟通能力和语言表达能力 职能类别 软件工程师 关键字 python开发软件日语 微信分享
Python开发工程师,深圳艾融科技有限公司,1.3-1.7万/月,深圳-罗湖区,本科,3-4年经验,1 3年及以上1inux环境下相关软件开发工作经验2 熟练握python编程 至少掌握一种ob开发框架 比如 Django Flask Tornado等3 熟练掌握wb前端开发技术 JavaScript CSS DOM 协议 安全等4 熟练掌握一种主流前端框架 如vue React Angular等5 熟悉1inux常用操作6 熟悉数据分析 安全略加分 职能类别 Python开发工程师 关键字 python爬虫软件开发django 微信分享
python高级开发工程师,深信服科技股份有限公司,3-6万/月,深圳-南山区,本科,3-4年经验,岗位职责1 负责解决方案产品应用后端架构设计及编码工作2 负责Python端的技术选型 评审等工作3 负责性能 稳定性等疑难问题解决岗位要求 1 本科及以上学历 3年以上python后端开发经验 精通python编程2 精通至少一种Python框架 Django Flask Tornado Bottle Web2py 3 熟悉至少一种关系型数据库MySQL Oracle SQLServer PostgreSQL4 熟悉C C Java PHP Go JS中至少一门额外语言5 具备一定规模和复杂度的模块设计能力6 熟悉Linux后端编程技术 并发 网络 异步 性能调优 调试手段 算法 7 熟悉网络编程8 具有良好的学习能力 技术钻研能力 有良好团队协作意识深信服科技是网络安全和云计算领域的龙头上市企业 正处于高速发展阶段 市值持续增长 业务布局不断扩大 可以提供给你很大的晋升和发展空间 行业Top10的薪酬 免费三餐 节假日福利 绩效年终奖应有尽有 只要你足够优秀 就能在深信服收获成长和高回报 快来加入我们吧 职能类别 Python开发工程师 微信分享
python工程师,深圳市瓦力自动化有限公司,1-1.5万/月,深圳-宝安区,本科,2年经验,工作职责 1 负责应用系统的架构设计 模块设计 开发 联调 维护等工作 2 能按时 独立 高质量的完成开发设计工作 对代码要求严格 3 满足业务的软件开发需求 根据开发进度和任务分配 提交合格软件 任职要求 1 熟练python应用开发 熟练使用python进行数据处理 熟悉如numpy pandas等库 2 有python GUI开发经验 熟悉QT 3 熟悉常见图形库的使用如opencv 4 良好的编码习惯和学习能力 较强的自我推动力 很好的团队协作和沟通能力 职能类别 Python开发工程师 关键字 python软件开发软件工程师opencv 微信分享
Python开发工程师,深圳市木能科技有限公司,1.5-2.5万/月,深圳-宝安区,大专,3-4年经验,工作职责 1 根据设计完成代码编写 调试 测试和维护 2 使用Python语言对后台业务逻辑进行开发以及维护 3 能根据实际需求 使用前沿第三方框架实现各种功能 任职资格 1 本科及以上计算机相关专业毕业 2年及以上的linux下Server编程经验 2 具有良好的技术能力 数据结构 算法基础扎实 3 熟悉类Unix系统架构 Tcp Ip协议 掌握常用linux命令 4 熟练使用C Python go等任意一门开发语言 5 熟练多种Web 游戏开发框架及部署方式 6 熟悉多种数据库 如MySQL Redis 7 熟悉SQL语言 熟悉ORM框架 8 善于解决问题 拥有较强的自学能力 具备创新思维能力 9 有游戏开发经验优先 职能类别 软件工程师游戏开发工程师 关键字 PythonPython开发 微信分享
Python开发工程师 (MJ000070),深圳市领星网络科技有限公司,1.5-3.5万/月,深圳-南山区,本科,3-4年经验,岗位职责 1 负责跨境电商SaaS ERP系统数据同步引擎的重构与维护 2 负责基于现有架构开发新功能模块 3 负责设计与编写单元测试代码 4 负责相关项目的文档撰写与维护 5 负责调研第三方平台接口 6 负责相关模块的框架 架构设计与实现 7 负责相关模块的性能调优 8 负责相关项目的code review 9 负责对数据扩容进行方案设计与实施 任职要求 1 统招本科及以上学历 5年以上工作经验 2 具备良好的沟通与协调能力 3 精通Python语言 熟练使用面向对象程序设计以及常用设计模式 有良好的抽象设计能力 4 精通分布式异步任务设计 有处理高并发业务场景的经验 能制定分布式系统数据一致性的解决方案 5 精通MySQL的开发设计和调优 精通Redis等NoSQL存储 能熟练运用缓存 消息队列等技术 6 具备良好的任务分解能力 有良好的编码习惯 结构清晰 命名规范 逻辑性强 代码冗余率低 7 具备良好的单元测试能力以及日志规范习惯 能快速定位并解决程序问题 8 使用过云计算提供商的中间件服务 如消息队列 对象存储 缓存等 对Serverless有基本的认识 9 熟悉k8s的运行机制和排查流程 10 有对接第三方平台数据接口的经验 11 有亚马逊MWS开发经验者优先 有实践过TDD DDD 微服务经验者优先 职能类别 Python开发工程师 微信分享
Python开发工程师,上海佳锐信息科技股份有限公司,1-1.5万/月,深圳-南山区,本科,2年经验,1 负责爬虫核心代码搭建 性能方面的优化 解决相关的疑难问题 2 负责研究各种网站 网页 链接的形态 发现它们的特点和规律 3 设计各种策略和算法 提高数据抓取的效率和质量 解决数据的重复 垃圾数据识别 4 提高系统的可运维 可测性 易用性 职位要求 1 计算机相关专业本科及以上学历 2年以上相关开发经验 熟悉Python高并发应用开发 了解爬虫框架Scrapy pyspider等 2 熟悉sql开发 拥有良好的代码习惯 结构清晰 逻辑性强 有丰富的面向对象设计及编程能力 3 熟悉TCP IP网络协议 熟悉Linux操作系统 4 掌握基本数据结构和算法 能够灵活使用编程技巧和设计模式等相关知识 5 对新技术有强烈的探索欲望 能快速接受新事物的新理念 善于团队合作与管理 有强烈的责任心 职能类别 Python开发工程师 关键字 python爬虫软件开发 微信分享
Python开发工程师,深圳绿米联创科技有限公司,1.8-2.5万/月,深圳-南山区,本科,3-4年经验,Python开发工程师工作职责 1 负责服务器端软件的研发工作 包括服务器端需求沟通 架构设计 核心技术研发 线上服务维护等 2 负责智能对话系统的服务端业务逻辑开发 帮助产品快速落地 3 负责软件开发过程中的问题分析和总结 提供建议帮助改善研发流程 4 和产品 测试 运营进行密切沟通 能够根据需求提出合理技术方案 岗位职责 1 全日制本科以上学历 计算机相关专业 3年以上工作经验 2 熟练使用Python 有良好的代码规范 3 熟练使用MySQL MongoDB Redis Docker 消息队列 微服务等服务端开发工具 4 对软件工程和编程技术有较深理解 具备中大型项目服务器端开发经验 熟悉网络协议和网络开发 5 具备将AI产品落地开发经验者优先 6 强烈的责任心与主动性 对所负责工作有owner意识 并能自我驱动成长 7 具有强烈的团队协作意识 高度的责任感 对工作积极严谨 逻辑思维能力强 有较强学习和创新能力 职能类别 Python开发工程师 微信分享
python开发工程师,深圳市协卓软件有限公司,1-1.5万/月,异地招聘,大专,3-4年经验,技能要求 数据挖掘 爬虫 网络爬虫技能要求 1 熟练掌握Python语言 有Python开发相关工作经验 熟悉Web后端架构 2 熟练掌握主流框架 Django Flask Bottle 等至少有一种能精通使用 并理解设计原理 熟悉API 3 熟悉Linux平台环境的开发 掌握Linux常用命令 4 熟练掌握NLTK Jieba等文本数据分析工具以及对各文档类型的数据提取解析 5 熟悉图像数据处理及分析 及常用的图像特征描述 6 熟悉管理工具git Jenkins 并有开发 restful API 的经验 职能类别 软件工程师 微信分享
Python开发工程师,深圳市博悦科创科技有限公司,1.1-1.6万/月,深圳-福田区,本科,2年经验,岗位要求1 本科以上学历 有两年以上后台开发经验 2 熟悉Python语言 熟悉Docker容器相关技术 3 熟悉MySQL Redis常 见数据库 4 有实施相关经验优先 岗位职责 1 负责基于python的一些流程自动化开发 2 面向客户业务部门 收集客户需求 提供相应的系统解决方案 3 协助售前团队 服务客户 解决 职能类别 Python开发工程师 微信分享
python爬虫,深圳市百能信息技术有限公司,1.5-2万/月,深圳-福田区,大专,2年经验,1 负责采集系统搭建 2 负责页面的抓取采集 处理网络数据抓取规划 汇总 3 对数据的抓取 解析 清洗 存储 维护等开发工作 4 负责采集系统的长期优化工作 5 基于询报价下单数据训练的自动化BOM智能报价工具 6 比价及自动调价系统 7 用户数据分析任职资格 1 大专及以上学历 3年及以上python开发经验 2 熟悉Python高并发应用开发 了解爬虫框架Scrapy 3 熟悉和了解Linux MongoDB Redis RabbitMQ的使用 4 熟悉反爬技术 能处理各种反爬问题 5 熟悉各种验证码破解 数据加密破解 6 熟悉页面采集原理 7 有爬取过国外网站数据优先 8 有深度学习模型经验优先9 有在以下平台做过类似工作经历的优先考虑 云汉芯城硬之城万联芯城小猫芯城有芯网采芯网bom3buy九洲电子之家华强旗舰科通芯城 职能类别 Python开发工程师 微信分享
Python开发工程师,智高点知识产权集团有限公司,0.8-1万/月,深圳-南山区,本科,1年经验,岗位职责 1 搭建数据采集平台 2 出具数据分析报告 3 开发数据查询接口 任职要求 1 精通Python 熟练运用协程 分布式网络爬虫等相关编程技能 2 掌握pandas等相关数据分析工具 3 熟悉mongodb redis elasticsearch等数据库 4 熟悉flask fastapi sanic等常见网络框架 职能类别 Python开发工程师爬虫开发工程师 关键字 python爬虫软件工程师 微信分享
python爬虫工程师（双休+14薪）,成都优格瑞得科技有限公司,4-8千/月,深圳-南山区,大专,无需经验,岗位职责 1 协助设计和开发网络爬虫应用 进行互联网相关信息的抓取和分析2 协助网页信息抽取技术的研究和开发3 协助解决爬取过程中的反爬问题岗位要求 1 熟悉Python语言2 熟悉Mysql数据库基本操作3 熟悉网页抓取原理及技术的实现细节 职能类别 Python开发工程师软件工程师 关键字 PythonPython开发Python实习Python助理web开发后端开发爬虫开发数据采集数据分析开发工程师 微信分享
Python高级开发工程师,深圳湛正实业有限公司,1-1.5万/月,深圳-罗湖区,招5人,2年经验,工作职责 1 数据分析 挖掘 清洗 整合 入库及备份等数据日常工作 2 能够根据项目的实际需要 进行技术方案的分析 选型 3 研究各种网页探寻特点和规律 数据清洗等研发和优化工作 任职要求 1 熟练掌握python 掌握numpy pandas sklearn selenium sqlalchemy等包的用法 2 熟悉了解html css javascript 懂得分析常见web界面结构 掌握基本jquery css xpath 等语法 3 熟悉掌握sql语言 熟悉 mysql postgresql mssql oracle 其中一种 4 有以下技术背景优先考虑 1 数据仓库技术 包括常见etl工具的使用 如kettle 常见数据仓库设计理论 2 了解hadoop基本生态 如hdfs hive yarn spark等 职能类别 Python开发工程师高级软件工程师 关键字 python软件开发软件工程师django开发开发工程师工程师 微信分享
Python后台开发工程师,深圳市智影医疗科技有限公司,0.8-1.5万/月,深圳,本科,1年经验,岗位职责 负责影像云平台后台开发 负责内部数据管理系统的开发 任职要求 1 有坚实的计算机软硬件基础 熟练linux系统 2 1年以上Python Web开发经验 至少熟悉一种Python Web框架 Django Flask Web py Tornado 3 有良好的数理统计基础 有可视化相关项目经验者优先 4 熟练数据库原理 熟练mysql 熟悉NoSql技术 熟练mongo者优先 5 熟悉TCPIP协议 多进程与多线程编程 进程间通讯技术 6 对工作热情积极 对软件研发有深刻的理解 热爱学习 能迅速掌握相关领域知识 能独挡一面开发产品 8 有大型项目开发经验优先 职能类别 Python开发工程师大数据开发工程师 微信分享
Python开发工程师,南京翼海云峰软件技术有限公司,1.3-2.6万/月,深圳-龙岗区,本科,3-4年经验,1 具有三年以上工作经验 2 熟悉Python和常用的开源库 熟练使用Tornado Flask Sanic Thrift Django等至少一种主流框架 3 熟悉Mysql mongoDB Redis等数据库的使用和优化 4 熟悉Linux系统 具备编写shell脚本能力 5 对进程 线程 协程 异步 非阻塞有一定了解和使用 职能类别 Python开发工程师 关键字 pythondjangoflask 微信分享
1131M0-python开发工程师,平安科技（深圳）有限公司,20-30万/年,深圳-南山区,本科,3-4年经验,1 参与数据中心运维平台及相关自动化运维系统的需求分析 设计 编码等工作 2 负责系统相关数据接口设计 开发 性能调优 3 负责系统相关业务逻辑的开发 对系统业务数据 底层数据做深度分析和挖掘 4 负责相关系统的维护工作 保证系统稳定 可靠运行 5 分析项目需求 能给出良好的解决方案 并能积极主动协助其它相关人员完成开发调试工作 6 优化代码实现 提高产品性能 任职资格 1 本科及以上学历 计算机或相关专业 3年以上开发经验 或1年以上DCIM实际开发经验 2 精通python java等开发语言 熟练使用Django等开发框架 3 精通多线程 消息队列 熟悉常用的缓存redis 具备网站性能调优能力 4 熟悉mysql redis mongodb等常用数据库 精通复杂sql的处理及调优 有数据处理经验者优先 5 熟悉SNMP Modbus MQTT等物联网协议开发经验 有socket TCP IP HTTP等 网络通讯开发经验者优先 6 熟练使用nginx apache等web服务器 有在linux下的搭建与应用开发经验者优先 7 熟悉或了解Kubernetes Mesos Yarn Docker等开源项目的优先 有大规模业务架构设计优化 有大规模业务自动化运维经验优先 8 对数据中心运维 数据中心集中监控平台 DCIM有了解者加分 9 对技术有强烈的进取心 具有良好得到沟通能力和团队合作精神 优秀的分析问题解决问题能力 职能类别 Python开发工程师 微信分享
Python开发工程师,深圳市微特精密科技股份有限公司,1-2万/月,深圳-宝安区,大专,1年经验,岗位要求 1 负责公司Linux系统下 Ubuntu 上位机python软件设计 开发及维护升级 2 完成项目上位机软件设计开发 实现测量数据分析计算 图表实时显示等功能 3 与公司电子及嵌入式工程师协作 共同完成公司产品的开发优化 4 良好的英文阅读书写能力 5 逻辑思维清晰 较强的自学能力 工作积极细致 有责任心 具有钻研探索精神 技能要求 1 精通Python2 x 3 x开发 熟悉C C 熟练使用常用库和模块 代码质量优秀 2 熟练使用Tkinter PyQT或wxPython等开发GUI应用 3 熟悉Ubuntu Debian等Linux系统 熟悉Linux文件系统 对Linux内核有基本了解 4 熟练使用Linux命令行及SHELL脚本编程 5 熟悉串口 Socket TCP IP UDP USB等通信及协议 并有相关项目经验 6 熟练掌握队列 多线程 多进程等并发编程技术 并具备相关项目经验 7 了解基本的硬件电路 数字电路 计算机 通讯 软件工程 自动化 测控及相关专业 8 具备良好的分析 设计 表达能力 善于沟通 专注于技术发展 且具备良好的文档撰写习惯 优先录取选项 1 有QT C C Labview等语言开发经验者优先 2 有OpenCV TensorFlow开发视觉应用项目经验者优先 3 有跨平台开发经验者优先 4 了解ICT FVT PCBA测试 自动化应用者优先 5 有软硬件集成系统经验者优先 了解嵌入式开发优先 职能类别 电子软件开发 ARM MCU 关键字 python软件开发开发工程师 微信分享
Python工程师,深圳市维度数据科技股份有限公司,0.8-1.5万/月,深圳-罗湖区,本科,2年经验,工作职责1 利用 python的爬虫框架 采集相关数据 2 按照需求完成数据库设计 定义 数据清洗入库 质量优化等工作3 根据任务目标 完成数据分析 可视化展示任职要求1 本科及以上学历 计算机 统计学相关专业 2 2年以上数据处理相关工作经验 了解数据分析 数据挖掘基本算法和数学模型 有数据搜集 整理分析与推断预测的经验 3 熟练 SQL语句 R Python 进行数据清洗 分析 熟悉爬虫抓取原理 了解反爬策略 4 具有较强的分析和解决问题能力 对数据采集及利用工作有充分热情 公司福利 1 领先同行业的薪资待遇 2 婚庆 生育等各项礼金 3 公司各类基金解决员工购房 患病等后顾之忧 4 公司长期服务奖金 5 员工持股计划 6 每年2次旅游 可带家属 7 17类丰富的假期 职能类别 Python开发工程师 关键字 python爬虫软件开发软件工程师开发 微信分享
python工程师,深圳市猎芯科技有限公司,1-2万/月,深圳-龙岗区,大专,1年经验,工作职责 1 负责猎芯网开发爬虫功能 2 负责页面的抓取采集 处理网络数据抓取规划 汇总 具备搭建数据采集平台 建立爬虫系统 对数据的抓取 解析 调度 存储 维护等开发工作 3 猎芯网和猎芯企业办公系统数据清洗 整合工作 4 负责采集系统的长期优化工作 任职资格 1 本科及以上学历 3年及以上python开发经验 2 熟悉python主流开发框架 同时熟悉php者优先考虑 3 熟悉和了解Linux MongoDB Redis RabbitMQ的使用 4 熟悉页面采集原理 计算机 软件等相关专业的优秀应届毕业生亦可考虑 职能类别 软件工程师 关键字 pythonpython工程师爬虫 微信分享
初级Python开发工程师,深圳市沃信科技有限公司,0.8-1.5万/月,深圳-南山区,本科,3-4年经验,岗位职责 1 根据功能需求 参与软件的开发和文档编写 2 基于算法模块 完成上层应用功能的开发工作 3 调试和测试 验证产品功能的正确性和稳定性 4 根据业务需求 制定研发计划5 负责产品组装 测试 发版6 根据业务含义 提供CGI服务接口和提供数据的装载 处理的python程序工作技能 1 两年以上python开发经验1 熟悉python语言 要求熟练掌握CGI Redis Clickhouse driver等第三方模块 2 熟悉Sqlite3 DB2 ORACLE MYSQL等关系型数据库至少其中两种 3 熟悉缓存数据库Redis 列式数据库Clickhouse 4 熟悉SQL基本操作 增删改查 嵌套子查询 关联 5 熟悉Linux操作系统和基本命令 熟悉shell语言6 熟悉HTML JavaScript等前端技术更佳 职能类别 Python开发工程师软件工程师 关键字 python 微信分享
Python开发工程师,深圳市睿服科技有限公司,1.3-1.8万/月,深圳-罗湖区,本科,5-7年经验,注意啦 全日制统招学信网可查学历哦 年限都是从毕业年份开始算起的哦 该岗位属于外包性质 请谨慎考虑后再沟通啦谢谢 1 负责压测工具的功能优化和开发2 负责自动化测试的场景建设和用例维护3 负责压测平台的开发任职要求 1 本科5年以上工作经验2 熟悉Linux操作系统3 熟练掌握Python Django flask开发框架4 熟悉unittest jmeter等开源测试工具优先 有自动化测试经验优先 职能类别 Python开发工程师 关键字 python 微信分享
Python开发工程师,跨税云（深圳）科技有限公司,1.5-2万/月,深圳-龙华区,本科,3-4年经验,1 根据开发进度和任务分配 完成相应模块软件的设计 开发 编程任务 2 遵守软件开发技术和规范及标准流程 3 独立完成应用的开发任务 并优化系统程序 4 负责系统的设计 开发 以及网页抓取的效率和质量优化 5 负责团队对目标网站进行数据爬取分析 找到最优化的爬取策略 6 负责爬虫核心算法的策略优化研究 提升爬虫抓取效率和质量 如调权调度 分析预测 质量判断 封禁与反封禁研究等 任职要求 1 python语言至少2年以上的使用经验 并且熟练使用python中的selenium requests flask pymysql json 熟练掌握分布式框架 能使用Scrapy kafka 2 熟知HTTP TCP Socket等底层知识 深度了解反爬原理 3 熟悉常见反爬机制 验证码识别 IP代理池 应用Ip池 headers认证和cookie等 4 熟练掌握应用Selenium PhantomJS实施动态HTML抓取 5 熟练掌握正则表达式 XPath HTML CSS等网页信息抽取技术 熟悉web相关数据处理 6 熟悉常用的浏览器调试技术 mysql数据库的基本操作 7 熟悉熟练使用http代理工具charles fiddler 8 在破解验证码方面有丰富经验 9 有实际海量数据采集 清洗 存储项目经验 有过数据质量管理 数据监控开发 设计使用经验 有对数据负责意识 掌握分布式系统设计 多线程 多进程 的优先 职能类别 Python开发工程师 关键字 python爬虫 微信分享
Python开发工程师,深圳市虚拟现实技术有限公司,1.5-2万/月,深圳-南山区,大专,5-7年经验,岗位职责 1 负责公司运维测试平台系统的业务开发 针对平台进行业务逻辑代码编写 脚本迭代 2 负责爬虫系统的设计与开发 核心工作是编写对应java代码或python脚本 3 负责平台统一API接口服务 日志与数据统计整理 系统功能开发 4 负责系统后台管理系统设计 功能开发 5 保障系统后台稳定可靠 及时定位bug并及时修复 6 工作文档 接口文档 程序说明文档等的编写 7 负责网页信息和APP数据抽取 清洗 消重等工作 提升平台的抓取效率 任职资格 1 大专及以上学历 计算机等相关专业 至少5年以上相关工作经验 2 拥有扎实的编程基础 熟悉常用的数据结构和算法思想 3 熟悉使用Python语言 并由实际项目经验 系统重构经验 优化经验 4 熟练掌握Tornado框架的开发 熟悉java python的爬虫框架 5 熟练掌握服务器端开发技术 熟练使用 Linux MySQL Redis 等 6 熟练掌握 html css xpath 正则表达式 scrapy selenium pandas 7 熟悉常见的反爬策略 有一定的研究和解决问题的能力 职能类别 Python开发工程师 关键字 python 微信分享
Python开发工程师,深圳市道合顺电子科技有限公司,1.5-3万/月,深圳-福田区,本科,2年经验,岗位职责 1 主要负责软件平台功能开发工作 2 负责垂直领域的数据抓取工作 研究各种网站 网页 链接的形态 发现它们的特点和规律 3 网络爬虫工具的设计 开发及优化 4 网页信息与文本数据抽取等核心算法的研究和优化 5 负责业务爬虫的开发 完成数据采集爬取 解析提取 对数据进行过滤 去重 清洗 结构化处理 数据入库等工作 任职要求 1 计算机相关专业本科及以上学历 3年左右 Python 开发经验 2 熟练Python语言 有java语言开发经验者优先 有扎实的数据结构和算法功底 3 理解http 熟悉html DOM xpath scrapy等 精通网页抓取原理及技术 正则表达式 能从结构化的和非结构化的数据中获取信息 4 熟悉爬虫 种子 去重 提取 过滤 分发 DNS cache 异步处理等概念和过程 5 熟悉linux开发环境 熟练使用Mysql 熟悉Nosql数据库如mongoDB Redis等 6 了解Hadoop Spark等大数据框架和流处理技术者优先 7 承担较大的工作压力 具有良好的沟通和团队协作能力 工作条理清楚 善于学习总结 职能类别 软件工程师 微信分享
python QT程序开发工程师,深圳市泰达机器人有限公司,0.8-1.2万/月,深圳-南山区,本科,1年经验,职位描述1 负责PC端上位机软件开发 C 或者PYTHON 2 与下位机软件工程师沟通接口定义 通信协议 协同进行产品开发 3 维护已有的PYTHON代码 4 根据软件需求文档 完成上位机软件设计文档的编写 5 配合项目人员完成结合测试 系统测试和系统交付工作 6 完成上级下达的其他工作任务 7 具备一定的数据分析能力 岗位要求1 精通PYTHON或C 语言开发 熟悉自动化设备的开发及调试 2 熟练掌握串口通讯协议 以太网通讯协议 网络通讯协议 数据库操作 多线程开发及界面设计 3 学习能力强 逻辑清晰 有一定的创新能力 4 能使用QT更佳 职能类别 软件工程师 关键字 pythonqtC 软件开发软件工程师软件 微信分享
Python开发工程师,深圳市泽林教育科技有限公司,1.3-2万/月,深圳-南山区,本科,3-4年经验,独立处理JS加密 解决过 瑞数js逆向此岗位不接受参加过培训机构的学员 要求精通python语法 经常使用requests scraypy pandas openpyxl selenium会使用fiddler抓包分析接口熟练使用sql进行增删改查熟练使用Excel 职能类别 Python开发工程师 关键字 爬虫python 微信分享
Python高级开发工程师,深圳市云汉科技有限公司,1-1.8万/月,深圳-南山区,本科,3-4年经验,岗位职责1 高级专业技术人员职位 独立负责工作小组 给下级成员提供引导或支持并监督他们的日常活动 2 参与软件产品项目规划工作 制定具体项目实施方案 3 整合并优化项目开发所需各种资源 4 负责软件开发技术和规范及标准流程的改进 5 参与软件系统的设计和分析 6 根据开发进度和任务分配 完成相应模块软件的设计 开发 编程任务 任职资格1 计算机技术或电子信息以及电子工程等相关专业本科以上学历 2 受过软件测试 产品知识等方面的培训 3 3年以上工作经验 4 熟悉Oracle等常规数据库 热衷于产品研发和技术发展 具有强烈的责任意识和开放的心态 5 事业心强 勤奋好学 有团队精神 6 熟悉Tensorflow 深入了解 LSTM 或 GRU算法 实现原理及应用 职能类别 软件工程师Python开发工程师 关键字 深度学习AILSTMKNNTensorflow 微信分享
python软件开发工程师,深圳金蝶账无忧网络科技有限公司,1.2-2万/月,深圳-南山区,本科,3-4年经验,岗位职责 1 负责网站页面或者APP采集 2 负责网页爬虫架构设计 包括基础资源 如代理池技术 反 爬技术 浏览器采集技术等等 与核心技术研发 3 负责API或者爬虫获取数据 数据解析和分析等功能的研发 任职要求 1 全日制本科 计算机相关专业毕业 三年以上Python开发工作经验 2 熟悉HTMLJavaScriptCSS AJAX等web技术 熟悉web相关数据处理技术 3 熟悉常用的浏览器调试技术 熟悉常见的反爬机制及对应的应对措施 如cookie识别 4 精通网页爬虫 分布式 多线程开发技术 5 对数据结构和算法设计有较为深刻的理解 6 具有很强的分析和解决问题的能力 7 具有攻克难题的强烈兴趣 以及提升技术能力的意愿 8 善于主动学习 责任心强 能够承受较高的工作压力 职能类别 Python开发工程师 微信分享
Python开发工程师,深圳市易博天下科技有限公司,1.3-2.5万/月,深圳-南山区,大专,2年经验,您需要具备丰富的Web前端或后端知识 需要快速交付高质量的代码 您将在人力资源领域和百万HR用户一起创造全新的最具活力和创新性的企业级Saas产品 您需要具备自我驱动力 自我管理 自主决策 积极主动的和产品团队 运营团队共同打造新的Web产品和优化现有的产品和服务 岗位职责 负责公司SaaS产品 APP 微信 移动端 PC端 的后端开发 保证产品的快速迭代和后端服务质量 任职要求 熟练Python 2年以上Python后台开发经验 有良好的编码习惯 熟练使用常用的Web框架Django Flask Tornado中至少一种 熟悉 Linux 熟练使用MySQL Redis RabbitMQ MongoDB 熟悉常用的设计模式 有良好的编程思想 代码规范以及测试系统 有一定的运维经验 善于分析定位和解决问题 了解数据库性能调优 学习沟通能力强 能快速熟悉理解复杂业务 关注用户体验 职能类别 软件工程师 微信分享
Python开发工程师,深圳市爱图仕影像器材有限公司,0.5-2万/月,深圳-龙华区,本科,5-7年经验,岗位职责 1 App 网站后台开发与维护2 服务端数据库管理和用户数据分析3 参与AI新技术研发任职要求 3年以上工作经验 对新技术有强烈的兴趣和钻研精神 计算机或电子信息相关专业 本科以上学历 英语4级以上 良好的英语环境读写能力 精通Python编程语言 具有扎实的计算机基础和编程能力 熟悉常见的算法与数据结构 熟练掌握网络编程 IP Tcp Http协议 熟练掌握Django Flask 熟悉 Tornado Sqlalchemy Celery等主流框架 了解RESTful API设 计 深入理解框架实现原理及特性 熟练使用Python的常用库 熟练掌握MySQL Oracle 熟练掌握Redis非关系型数据库 熟练掌握Linux的常用命令以及shell脚本编程 熟练掌握常见的Linux服务器配置 nginx uwsgi gunicorn 熟悉HTML CSS JavaScript jQuery Bootstrap 熟悉git版本控制工具的使用和工作流程 熟悉Jupyter notebook的使用 了解Ipython Numpy Pandas 熟悉AWS和阿里云服务器和相关应用开发 熟悉爬虫技术和基础大数据分析产品官网 https www sidus link support helpcenterapp Sidus Link我们的福利 1 公司实行大小周 早上9 00 12 30 下午2 00 6 00 每天7 5H 2 安排食宿 公司有自己的食堂 3 法定节假日将按国家规定休假 4 入职就可开始购买五险一金 5 每年有1 2次加薪机会 年底奖金1 6倍 有加班补助 6 各种培训课 比如英语 摄影 产品知识 EXCEL等 7 每周一 周三 周五有下午茶 生日party 电影 郊游 聚餐活动等 8 节日的礼品发放 每年免费体检一次 每年至少一次集体旅游 加班补助 9 公司提供文娱室 乒乓球 羽毛球 会馆会员 卡啦OK 图书阅览等 10 完善的职业发展规划和晋升空间 职能类别 Python开发工程师 关键字 python后台开发 微信分享
python爬虫工程师,深圳市绿联科技有限公司,1.5-2万/月,深圳-龙华区,本科,3-4年经验,岗位职责 1 负责后台爬虫数据的分布式存储设计以及代码实现 2 根据开发进度和任务分配 完成相应模块的软件设计 开发 编程任务 3 负责设计爬虫策略和防屏蔽规则 提升网页抓取的效率和质量 如分析预测 质量判断 封禁与反封禁研究等 4 完成目标网站数据采集与爬取 解析处理 入库等数据日常工作 5 跟进技术热点 及时更新新的爬虫功能 持续优化分布式爬虫策略 岗位要求 1 本科及以上学历 有2年及以上的爬虫项目经验 2 熟练掌握 Python Java JavaScript 任意语言 Python 优先 3 熟悉常见的反爬机制及对应的应对措施 如cookie识别 4 熟悉网页爬虫 分布式 多线程开发技术 5 有爬取电商平台如天猫 京东 亚马逊经验者优先 6 善于主动学习 责任心强 良好的沟通表达能力 职能类别 数据采集工程师 微信分享
Python开发工程师,中讯志远（武汉）科技有限公司,1-1.5万/月,深圳-福田区,大专,3-4年经验,1 技术要求 python R 专注于机器学习和数据挖掘 分析公司数据问题 如虚假销量或合规事项等 2 积极的态度 善于沟通和团队合作 3 至少3 5年的工作经验 4 要求有良好的商务英语能力 职能类别 Python开发工程师 微信分享
Python开发工程师,四川准达信息技术股份有限公司,7-9千/月,深圳,本科,3-4年经验,技能要求 Python任职要求 1 熟悉C或Java语言 精通python编程 熟悉常用的python框架 熟悉wsgi 协程 sqlachemy优先考虑 2 熟悉linux uinx操作系统基础原理 熟练使用linux系统 3 熟悉TCP IP HTTP等协议 有良好的网络 数据传输 安全 计算机体系结构方面的知识 4 有openstack kvm或docker等虚拟化技术 项目开发经验的同学优先 5 有内核研发经历的同学优先 6 具有良好的沟通协调能力 较强的团队合作精神 优秀的执行能力 7 强烈的责任心和敬业精神 能吃苦耐劳 8 有很强的学习能力 以及分析和解决问题的能力 职能类别 Python开发工程师 关键字 python 微信分享
技术经理（python方向）,深圳十方融海科技有限公司,2-3万/月,深圳-南山区,本科,5-7年经验,岗位职责 1 负责公司项目的技术开发和难点攻关 根据公司业务发展制订技术路线 推进技术和架构提升 2 负责核心技术架构的设计及代码的编写 指导关键技术模块 并对系统安全性 稳定性等负责 3 负责项目技术团队的组建和日常管理 带领开发团队高效 及时完成任务 开展技术培训等工作 4 对项目负责人汇报工作 与公司其它部门积极配合 为业务部门提供必要的技术支持 任职要求 1 本科及以上学历 3年以上Python开发经验 熟练掌握python的使用2 1年以上管理经验 有过成熟的团队管理经验3 有基于python的web开发经验 精通至少一个Python相关主流开源框架 理解其运作原理 熟悉django flask tornado fastpi等主流框架 技术知识面广 4 熟悉mysql mongodb数据库 掌握sql语句优化 DB性能优化 高可用的常见方案 对分布式数据库和非关系型数据库有一定了解 5 熟悉redis的使用和集群设计 对缓存技术有着一定的理解6 熟悉linux服务器的使用 熟悉tcp ip http等网络协议7 对前端开发有着一定的了解 了解react Vue等框架 了解微信公众平台开发流程 理解当前互联网的流行应用 在交互开发 用户体验等方面有自己的见解 能主动根据业务需要 提出合理的方案 8 自我驱动力强 有强烈的事业心和责任感 具有良好的协调能力和抗压能力 加分项1 有过to c产品开发经验 有过高并发 大流量处理经验者优先 2 有过微信生态相关开发经验者优先 3 有过分布式开发的经验 参与过系统调优相关工作 有一定架构设计能力者优先4 有接触过大数据相关经验者优先5 了解过python源码 主流web框架源码优先95后开发团队 年轻有活力 有趣不死板 对于技术较真不马虎 领导和同事都很nice 团队协作合拍 希望你抱有创业者心态 拥有着强烈的责任感 带领技术团队提高效率 助力公司业务发展 职能类别 Python开发工程师 关键字 pythonpython开发团队管理 微信分享
Python爬虫工程师,深圳市远古科技有限公司,1-2万/月,深圳-龙岗区,大专,2年经验,岗位职责 1 负责爬取Amazon lazada shopee等电商平台产品销售数据等 2 通过api获取亚马逊 lazada shopee店铺数据 3 对亚马逊平台有一定的了解 懂得亚马逊反爬机制 维持各项数据的稳定性 4 对爬取的数据进行有效管理 爬虫失败 数据缺失 数据重复等可以做到重跑和日志记录 同时进行数据分析 为业务提供决策依据 岗位要求 1 大专及以上学历 统计和计算机类相关专业优先 2 1 3年爬虫相关经验 有亚马逊店铺api经验 shopee平台精品数据抓取和分析经验者优先 3 熟悉Python Java Sql server Oracle Hadoop Hbase Hive等其中一项或多项工具及语法 4 熟练使用主流爬虫框架如scrapy Pyspider等 对海量数据采集有深刻的理解 了解Web前端技术 如Html CSS JavaScript Ajax jQuery等其中一项或多项 5 熟练使用mysql SQLserve MongoDB Redis等数据库 熟悉常用数据存储及各种数据处理技术者优先 6 细致严谨 进取心 责任心强 较强的数据挖掘和分析建模能力 公司福利 1 基本工资 季度奖 项目奖 运营提成 年终奖 1 6个月 特别贡献奖 住房补贴 工作补贴 全勤奖 小语种补贴 一年三次调薪 调岗机会 2 入职购买五险一金 国家传统节日 婚庆 生育等红包 3 独栋办公楼 不间断供应零食 水果 咖啡 每周至少两次下午茶时间 4 运动健康 健身区 按摩区 篮球 羽毛球 乒乓球 台球场地 六大兴趣部落 其他配套 洗浴房 母婴室等 5 部门不定期团建活动 每年至少一次全公司旅游 6 五天八小时工作制 双休 每月2小时任性事假 职能类别 数据分析师 关键字 爬虫数据python分析大数据电商平台亚马逊scrapy 微信分享
python开发助理岗,深圳市蜗牛创想科技有限公司,4.5-6千/月,深圳-南山区,大专,无需经验,工作职责 1 负责应用系统的架构设计 模块设计 开发 联调 维护等工作 2 能按时 独立 高质量的完成开发设计工作 对代码要求严格 3 满足业务的软件开发需求 根据开发进度和任务分配 提交合格软件 任职要求 1 大专毕业两年 本科可接受2020应届生 2 能适应出差 进行现场调试 3 良好的编码习惯和接受能力 较强的自我推动力 很好的团队协作和沟通能力 4 同时具有一年以上JAVA C 或Golang开发经验优先 福利待遇 社会保险 五险一金 5天8小时工作制 休息时间 周末双休 法定节假日休息 带薪年假 病假 产假 婚丧假 职能类别 Python开发工程师软件工程师 关键字 开发软件开发开发工程师 微信分享
python开发,深圳市十月实业有限公司,6-8千/月,深圳-宝安区,本科,无需经验,工作职责 1 负责应用系统的架构设计 模块设计 开发 联调 维护等工作 2 能按时 独立 高质量的完成开发设计工作 对代码要求严格 3 满足业务的软件开发需求 根据开发进度和任务分配 提交合格软件 任职要求 1 大专毕业两年 本科可接受2020应届生 2 能适应出差 进行现场调试 3 良好的编码习惯和接受能力 较强的自我推动力 很好的团队协作和沟通能力 4 同时具有一年以上JAVA C 或Golang开发经验优先 职能类别 软件工程师Python开发工程师 关键字 软件软件开发计算机开发技术支持互联网SSMSpringMVCSpringBootSpringCloud 微信分享
Python开发工程师,深圳市美斯曼科技有限公司,0.6-1.2万/月,深圳-龙华区,大专,无需经验,基于Python进行网站数据采集 爬虫数据采集工作 职位要求任职资格 1 热爱软件开发 编程基础扎实 算法 数据结构 面向对象 等 2 思路清晰 具备良好的沟通能力和理解能力 3 应届本科 往届大专及以上学历 岗位职责 1 设计编写数据采集器或爬虫代码 2 维护现有爬虫系统 职能类别 测试工程师 关键字 工程师编程 微信分享
少儿编程Python讲师,深圳盛思教育咨询有限公司,0.8-1万/月,深圳-南山区,本科,2年经验,技能要求 Python 有过掌控板 树莓派等硬件项目经验 word excel PPT等办公软件 简单图片和视频处理软件 岗位职责 1 教授9到16岁python编程 电子电路以及智能硬件课程 有相关代课经验优先录用 2 能独立制作python编程课件 教案 教材 3 开课后负责与家长沟通学员学习情况 做好家校互动 4 配合学校市场招生及其他活动 到学校上课 5 上级交待的其它相关工作 任职要求 1 电子 计算机 教育技术 信息技术类专业等本科及以上学历 2 有2年以上培训相关工作经验 少儿编程课程培训 创客教育培训 STEAM课程培训等教育类产品领域从业经验者优先 3 对steam教育有激情 喜欢孩子 善于分享 有较强的团队合作意识 具备强大的学习能力 对新领域和产品能够快速熟悉并沉淀经验 4 具有良好的教学能力和课件制作能力 有python课件开发与制作经验者优先 5 有国家教师资格证者者优先 培训 对能力较强但基础薄弱的老师提供7天带薪培训 培训内容包含企业文化 服务流程 编程产品 教学技能等 职能类别 其他 关键字 教学老师Python 微信分享
Python高级开发工程师,深圳趣晓网络科技有限公司,2-2.5万/月,深圳-南山区,本科,5-7年经验,岗位职责 1 负责后端服务器开发工作 2 处理与客户端数据交互 根据需求增加功能模块 3 对服务器架构和功能进行优化 岗位要求 1 本科以上学历 至少4年以上Python开发经验 2 熟悉Linux操作系统 TCP IP协议 3 熟悉Mysql Redis数据库使用及开发 4 至少熟悉一种python web框架 Django Flask Tonador等 职能类别 高级软件工程师游戏开发工程师 关键字 Pythonlinuxdjango数据库分布式 微信分享
Python开发工程师,上海金盏企业管理有限公司深圳分公司,1-1.5万/月,深圳-南山区,本科,1年经验,工作职责 1 负责后台系统开发与设计2 负责数据统计系统设计与实施参与系统设计 模块开发 性能优化任职要求 1 计算机相关专业 至少1年以上全职工作经验 2 熟悉 C C Golang Python 编程语言 精通一种or熟悉至少2种 3 了解基本的数据库开发 数据统计 4 对 DevOps 有经验优先 职能类别 Python开发工程师图像识别工程师 微信分享
python开发工程师,深圳市丽海弘金科技有限公司,1.2-2万/月,深圳-南山区,本科,2年经验,岗位职责 参与需求分析与特性技术方案评审 负责PYTHON API量化程序开发 任职要求 1 计算机相关专业毕业 1 6年PYTHON编程经验 2 精通PYTHON语言与SHELL脚本 掌握常用设计模式 3 熟悉LINUX操作系统 4 能够理解系统架构 针对需求拆分出不同模块 带领初级员工完成模块级别的需求开发 5 自我学习能力强 分析解决问题能力强 善于沟通交流 有责任感 有团队协作精神 对新技术敏感 职能类别 Python开发工程师 关键字 python软件开发开发工程师 微信分享
Python开发工程师（须懂ODOO框架）,深圳前海优管信息技术有限公司,0.8-1.5万/月,深圳,本科,3-4年经验,岗位职责 1 2年以上Python开发经验 有odoo开发经验优先2 负责ERP MES PDM CRM等系统代码交接 二次开发 维护 任职要求 1 有ODOO框架 Open ERP 开发经验 2 熟悉Python语言 3 熟练掌握unix linux操作系统 能进行基本Shell脚本编写 4 本科学历 计算机 信息管理相关专业 职能类别 Python开发工程师 关键字 Python 微信分享
python开发工程师,百丽新零售,1.2-1.8万/月,深圳-南山区,本科,2年经验,岗位职责 1 负责运维平台的开发 致力于提升公司在具体领域内的研发及运营效率 服务于公司所有研发 运维人员 涉及的内容包括软件源 配置中心等 2 负责研发效能相关平台的研发 致力于提升基础的研发效率 涉及的内容包括CI 发布 监控 日志平台 数据库管理平台等 3 负责运营体系 运营平台的建设 致力于提升部门业务的运营效率 运营质量 岗位要求 1 计算机及相关专业 2 熟练掌握python及相关web框架 如django flask等 会golang优先 3 熟悉 Git GitHub 通信协议 TCP HTTP 及 RESTful 标准 4 有 MySQL Redis 或 MongoDB 等相关数据库使用经验 5 有运维自动化 监控系统 发布系统 数据库管理平台项目经验优先 职能类别 Python开发工程师 微信分享
Python爬虫工程师,深圳市捷晶能源科技有限公司,7-8.5千/月,深圳,大专,2年经验,技能要求 1 熟知公司产品与服务 配合领导制定公司数据挖掘策略 推广策略 2 完成数据平台的数据采集与定向爬取 解析处理 入库及备份等数据日常工作并作分析总结 3 数据采集工具软件平台的开发 测试工作 研究各种网页探寻特点和规律 4 负责网页信息抽取 数据清洗 整理 整合及合并等工作 挖掘原始数据中有价值数据 并配合部门完成数据分析需求 5 执行信息搜集整理与筛选 市场调研 分析并预测市场需求 发现市场新动向 6 配合公司网站维护及SEO推广工作 任职资格 1 大专及以上学历 计算机 信息科学等相关专业 2 2年以上相关工作经验 有数据挖掘工作经验尤佳 熟悉搜索引擎基本原理 具备一定的SEM SEO及网站优化相关经验优先考虑 3 熟悉Python 网络爬虫 数据抓取 数据采集 熟悉抓取和页面解析类库 能进行页面结构化数据提取 4 具备一定的编码能力 扎实的数据结构和算法功底 5 能够使用Java Python至少一门语言进行数据处理 6 对信息有较强的敏感度 具备优秀的数据分析能力 7 工作认真 严谨 具有良好的纪律性 较强的保密意识 职能类别 Python开发工程师 关键字 爬虫python抓取网络爬虫数据抓取数据采集python爬虫 微信分享
Python高级开发工程师,深圳市比一比网络科技有限公司,1.5-2万/月,深圳-南山区,本科,5-7年经验,工作职责 1 参加应用系统的模块设计 开发 联调 维护等工作 2 能按时 独立 高质量的完成工作 对代码要求严格 3 满足业务的软件开发需求 根据开发进度和任务分配 提交合格软件 任职要求 1 熟练python应用开发 熟练使用python进行数据处理 如numpy pandas等库2 有python web开发经验 如django flask tornado3 熟悉常见图形库的使用如opencv4 熟练使用常见SQL non SQL数据库 如mysql mongodb redis5 熟悉QT pyqt 或其它GUI开发框架 熟悉使用QT绘制自定义二维图形6 良好的编码习惯和学习能力 较强的自我推动力7 很好的团队协作和沟通能力加分项 了解常见机器学习 深度学习框架 性能指标熟悉QT pyqt 或其它GUI开发框架 熟悉使用QT绘制自定义二维图形 职能类别 Python开发工程师 微信分享
Python开发工程师,双龙软创（深圳）科技有限公司,0.8-1.5万/月,深圳-福田区,大专,3-4年经验,岗位要求1 本科及以上学历 3年以上相关工作经验2 精通Python 并熟练使用flask和django等MVT开发框架3 能熟练使用Mysql Postgresql Oracle Redis MongoDB等数据库 并独立完成数据库设计与开发4 熟练使用Linux系统 了解WSGI SNMP TCP UDP等协议5 能独立完成模块开发 框架搭建6 擅于沟通 有较好的团队合作精神和开发经验 能迅速解决面临问题7 具有良好的程序开发思维方式和开发习惯8 熟悉规范的软件开发流程 具有良好的编码 文档习惯9 具有大型数据平台开发经验者优先10 良好的沟通能力 岗位职责1 负责存储相关业务功能开发 技术支持等工作2 编写代码注释和开发文档3 辅助进行系统的功能定义 程序设计4 根据设计文档或需求说明完成API接口代码编写 调试 测试和维护5 制定测试计划 定位发现的问题6 完成上级安排的其它工作 职能类别 Python开发工程师 关键字 python 微信分享
软件工程师(Python),深圳微品致远信息科技有限公司,1.5-2.5万/月,深圳-南山区,本科,2年经验,岗位职责1 参与公司人工智能项目的后台开发和实施 2 根据功能需求 参与软件的设计和开发 3 基于算法模块 完成上层应用系统功能和服务集成的开发工作 4 保证系统的稳定性 持续迭代更新和系统质量 岗位要求1 本科及以上学历 两年以上python开发经验 2 扎实的python基础 熟悉Python的多线程 进程 协程等操作 有良好的编码习惯 3 熟悉MYSQL Sqlite3数据库 4 熟悉Git Linux系统及shell 5 有较好的产品意识 6 积极乐观 责任心强 有较强的抗压能力 工作认真细致 有良好的团队沟通和协作能力 能适应短期出差 职能类别 软件工程师 关键字 软件 微信分享
Python开发工程师,深圳市利朗达科技有限公司,2-2.5万/月,深圳,大专,3-4年经验,职位描述 工作职责 1 参与电商自动化平台开发 2 负责相关工具及平台的设计和优化方案制定 并参与定制化开发 3 针对产品线现状制定工程能力指升整体解决方案 推动产品线效率和质量提升 岗位要求 1 熟悉Python核心技术 有中大型系统开发经验 2 4年及以上的Python开发经验 半年Nodejs左右开发经验 3 熟悉web自动化业务 有电商行业经验优化 职能类别 Python开发工程师 关键字 python跨境电商webnodejs开发工程师 微信分享
Python开发工程师,深圳市神机量化技术有限公司,1.5-3万/月,深圳-福田区,大专,2年经验,岗位职责1 在上级的领导和监督下定期完成量化的工作要求 并能独立处理和解决所负责的任务 2 从事Python软件开发和软件设计等工作 3 参与应用设计与方案讨论 4 设计网站系统架构 代码重构 5 开发 定制 调试 优化系统软件 6 分析系统瓶颈 解决工程中的难题 7 根据开发进度和任务分配 完成相应模块软件的设计 开发 编程任务 8 进行程序单元 功能的测试 查出软件存在的缺陷并解决 9 完成与项目相关的文档编写 任职资格1 熟悉数据库的使用 能够熟练使用MySQL PostgreSQL MongoDB等开源数据库 有大数据的存储 索引优化经验者优先 2 能够熟练使用python语言 有过Django tornado flask等框架开发经验者优先 经验要求在3年以上 3 熟悉linux 有shell编程经验者优先 4 有处理海量数量 高并发服务的项目经验者优先考虑 5 熟悉互联网常用协议 有HTTP TCP UDP相关协议开发经验者优先 6 熟悉MVC类型的编程架构 有过复杂业务系统的构建经验者优先 职能类别 Python开发工程师 关键字 python软件工程师 微信分享
Python 中级工程师,广州尚融网络科技有限公司,1-1.5万/月,深圳-南山区,大专,3-4年经验,岗位职责 1 能够解决项目开发过程中的技术难题 能够按照项目进度计划完成开发任务 2 良好的代码习惯 代码结构清晰命名规范逻辑清晰 3 具有团队合作精神和积极主动的沟通意识 良好的文字表达能力 可撰写软件产品相关文档优先 岗位要求 1 工作经验 计算机或相关专业大专或以上学历 3年以上Python实际项目开发经验 2 技术要求 熟悉Flask等Web开发框架 熟悉 CI CD部署 熟悉单元测试 熟悉MySQL Redis等数据库 熟悉 Linux 的使用和管理 3 个人能力要求 热爱编程 有较强的学习能力和抽象能力 有强烈的求知欲 好奇心和进取心 能及时关注和学习业界前沿新技术 热衷性能分析与调优 积极使用新技术提升工作效率 有强烈的责任心和团队合作能力 具有一定的抗压能力者优先 职能类别 Python开发工程师 关键字 python 微信分享
数据分析工程师（python）,深圳市斯凯荣科技有限公司,2-2.5万/月,深圳-南山区,本科,3-4年经验,职责 负责 App 运营数据收集 整理 清洗及可视化 数据分析 收集来自 Firebase MySQL Elastic 等多端数据 搭建可视化面板 并根据业务需求及时更新数据显示模型 自动化脚本 快速输出数据报表 要求 计算工程或与数据分析相关专业背景 本科及以上学历 至少3年及以上研发或数据分析相关工作经验 具备主流数据库查询能力 包括但不限于精通Python 熟练掌握常用的 Linux命令 Shell 脚本 服务及应用配置 能够快速熟悉业务体系 搭建业务需要的数据面板 职能类别 软件工程师 微信分享
Python开发工程师,深圳科松技术有限公司,1-2.5万/月,深圳-光明新区,大专,5-7年经验,岗位职责 1 主导项目需求分析以及系统概要和详细设计 2 根据公司技术文档规范编写相应的技术文档 3 根据新产品开发进度和任务分配 开发相应的软件模块 4 研究项目技术细节 编写相应的说明书 5 完成软件测试 记录质量测试结果 6 据需要不断修改完善软件 软件的后期维护 更新 任职资格 1 具备编码和撰写文档的能力 具有一定的领导能力 2 熟悉软件开发流程 设计模式 体系结构 3 独立解决技术问题 有较强的创新意识 对网络知识有一定的了解 4 熟悉 MYSQL SQL Server 等数据库开发及管理 5 熟悉 Python 等语言 熟练使用tornado框架 6 三年以上中大型系统开发工作经验 五年以上软件开发经验 有门禁行业开发经验者优先 有熟悉CMMI L3以上优先 职能类别 Python开发工程师系统架构设计师 关键字 Python 微信分享
Python后端开发工程师,深圳虾皮信息科技有限公司,2-3.5万/月,深圳-南山区,本科,3-4年经验,职位职责 与开发团队共同打造跨境卖家以及业务部门需求的应用 帮助跨境业务持续快速增长完成端到端的项目执行 从业务需求到开发上线 以及后期升级更新收集与分析业务部门的功能需求根据所收集的业务需求 定位技术要点 输出技术解决方案进行后台开发 并与前端开发相互支持 协助与业务部门共同进行测试 探讨解决方案部署有良好的编码习惯 编写高质量 可维护的代码具备产品思维 不断优化现有产品 发现并解决产品问题 提升产品稳定性 改善用户体验职位要求全日制统招本科及以上学历 计算机相关专业3年 Web后台开发经验熟练使用Python编程语言进行后台开发熟练掌握Web开发框架与技术 如Django Flask Node js等熟悉HTTP协议熟悉数据结构 数据库以及其他编程基础了解DevOps 有源代码控制 CI CD经验者优先具备MySQL等数据相关库或组件知识经验者优先在快速发展的环境下 与其他业务职能团队良好协作 共同成长积极主动 有责任心 不断自我驱动成长 职能类别 Python开发工程师 微信分享
python后端开发工程师,深圳江行联加智能科技有限公司,1.5-2万/月,深圳-宝安区,本科,3-4年经验,岗位职责 1 JAVA Python后端开发 2 进行系统框架和核心模块的详细设计和开发 3 系统开发 测试 部署和集成 任职要求 1 2年及以上JAVA Python开发经验 熟练掌握JAVA Python基础技术及Web应用系统开发 2 精通面向对象的分析 设计和开发方法 具有良好的开发规范和习惯 3 熟练掌握Spring Jersey Hibernate Maven等主流框架 4 具备一定的软件和数据库设计能力 熟练使用MySQL Redis 对象存储等 5 熟练使用Linux命令 熟悉网络 并发 分布式 微服务等优先 6 学习能力强 工作积极主动 责任心强 团队协作沟通能力强 职能类别 Python开发工程师 关键字 pythondockerjavagolang云计算物联网爬虫django 微信分享
Python开发工程师,深圳市科高新材料有限公司,1-2万/月,深圳-南山区,本科,2年经验,岗位职责 1 负责服务器端软件的研发工作 包括服务器端需求沟通 架构设计 核心技术研发 线上服务维护等 2 负责智能对话系统的服务端业务逻辑开发 帮助产品快速落地 3 负责软件开发过程中的问题分析和总结 提供建议帮助改善研发流程 4 和产品 测试 运营进行密切沟通 能够根据需求提出合理技术方案 任职要求 1 全日制本科以上学历 计算机相关专业 2年以上工作经验 2 熟练使用Python 有良好的代码规范 3 熟练使用MySQL MongoDB Redis Docker 消息队列 微服务等服务端开发工具 4 对软件工程和编程技术有较深理解 具备中大型项目服务器端开发经验 熟悉网络协议和网络开发 5 具备将AI产品落地开发经验者优先 6 强烈的责任心与主动性 对所负责工作有owner意识 并能自我驱动成长 7 具有强烈的团队协作意识 高度的责任感 对工作积极严谨 逻辑思维能力强 有较强学习和创新能力 职能类别 Python开发工程师 关键字 python爬虫开发开发工程师 微信分享
Python开发工程师,深圳市艾鑫承科技有限公司,1.5-2万/月,深圳-罗湖区,本科,3-4年经验,专职开发背景或者测试开发背景都可以 2年起 职能类别 Python开发工程师 关键字 python爬虫软件开发软件工程师 微信分享
软件工程师（QT/C++/Python),成都市鹰诺实业有限公司深圳分公司,1-2万/月,深圳,本科,3-4年经验,1 参与软件需求确定与开发方案 分析及计划的制定 2 自动化设备软件开发 负责非标自动化生产检测设备软件开发 编程实现和相关软件基本测试 3 编写技术文档 提供技术支持职位要求 1 本科学历 计算机 软件相关专业 2 熟悉Qt环境和架构 熟练运用C 基于Qt Python进行软件设计3 有一定的图像处理或机器视觉算法开发经验优先 3 较积极主动学习新知识 具有较强的协调沟通能力 分析解决问题能力 具有较强的团队合作精神 职能类别 软件工程师高级软件工程师 微信分享
Python开发工程师,深圳楚星软件有限公司,1-1.8万/月,深圳-南山区,大专,3-4年经验,1 大专及以上学历 有3年以上的python使用经验 2 熟练掌握linux nginx redis等技术生态 熟悉数据库知识 能进行数据库sql调优 3 精通flask Django Tornado 等常见 Python Web 框架 注意代码质量和可维护性 4 熟悉常用算法 数据结构 多线程 分布式等技术5 熟悉网络编程 熟悉tcp http等通讯协议6 熟悉docker 熟悉容器化管理及部署 能熟练编写shell脚本 7 理解并使用过源码管理工具 单元测试框架 自动化测试工具 8 熟悉常用的设计模式 熟知微服务架构设计模式 9 有较好的英文文档的阅读能力 10 具备较强的学习能力和责任心 良好的沟通能力 文档编写能力11 有阿里云RPA机器人开发经验优先 职能类别 Python开发工程师 关键字 pythondjangoTornadoflaskdocker 微信分享
Python数据开发,南京争锋信息科技有限公司,1-2万/月,深圳-福田区,大专,1年经验,工作职责 1 负责投资研究数据分析及相关组件开发2 数据自动化工具开发 岗位要求 1 熟练掌握Python语言 数据结构功底扎实 1年以上python开发经验 2 熟悉python数据分析 文档解析的常用工具 熟悉正则表达式 有OCR工具开发优化经验者优先 3 熟练掌握sql 有Oracle Mysql SqlServer使用经验 有数据清洗 ETL构建等大数据开发经验者优先 4 具备较强的责任心 工作认真负责 5 良好的语言表达和沟通能力 良好的团队合作精神 职能类别 软件工程师 关键字 python软件开发 微信分享
Python开发工程师,成都迈思信息技术有限公司,1-1.5万/月,深圳,本科,1年经验,1 统招本科及以上学历 一年以上Python开发经验 熟练使用Python语言 2 具有服务器端开发功底 熟悉数据结构 算法 设计模式 http协议 3 熟悉MySQL SqlServer等数据库 4 参与过数据分析挖掘系统 推荐系统的研发 机器学习系统工作经验优先 5 能按时完成本职工作或临时交代的其他任务 职能类别 软件工程师 微信分享
Python开发工程师,首影科技（深圳）有限公司,0.8-1.6万/月,深圳-福田区,大专,2年经验,岗位职责1 参与公司研发产品后台2 自动化运维以及服务部署工作3 配合完成其他相关任务职位要求 1 计算机相关专业 还有扎实的计算机基础2 有Python基础和开发经验 熟悉前端开发如vue js为佳3 熟悉Linux环境 熟悉自动化运维 部署 有Docker运维或开发经验4 有相关云平台使用经验如Aliyun AWS GCP5 熟悉SQL或者MongoDB6 良好的语言表达 沟通能力 和团队合作精神7 对技术有热情 具备较强的独立工作能力 责任心强 职能类别 Python开发工程师 关键字 python软件开发软件工程师vue js云平台 微信分享
Python开发工程师,深圳市卓易梓网络科技有限公司,1.5-2万/月,深圳-龙岗区,大专,3-4年经验,Python工程师岗位职责 1 独立完成后台服务功能模块的设计与开发 2 负责所管服务模块 不断持续优化系统功能 3 确保所负责的服务模块能够达到产品要求的质量标准 响应 错误率 不间断服务指标 任职要求 1 统招大专及以上学历 计算机相关专业 具有扎实的计算机基础和编程能力 2 熟悉Python语言 有2 5年以上Python后台服务开发的实际项目经验 3 深入理解和使用 JSON RESTful Web Services RPC 通信接口开发 4 有除 Python 外 任一主流语言开发经验 C C Java PHP Go 等 5 熟练掌握常见的Linux服务器配置 熟练使用MySQL Redis RabbitMQ 6 互联网业务系统或相关技术产品开发经验 加分项 1 具备系统架构设计能力 有独立设计开发项目经验者优先 2 对前端框架 爬虫 数据分析中一项领域进行过深入研究 3 研究过或参与过优秀开源软件者优先 技术博客者优先 职能类别 硬件工程师 关键字 Python开发 微信分享
python后端开发程序员,深圳优匠教育科技有限公司,6-8千/月,深圳-龙岗区,大专,3-4年经验,任职要求 1 计算机相关专业 1年以上开发经验 2 熟悉Linux系统 精通Python 熟悉shell 3 熟悉linux系统下的软件开发 测试 部署流程 熟练使用git等开发工具 4 掌握至少一种python框架 Django Flask Tornado 熟悉Restful风格API的设计和编写 5 了解常用的数据库 不限于MySQL MongoDB Redis 6 熟悉TCP HTTP WebSocket等相关的网络知识 多进程 多线程 基本的数据结构和算法 7 能够独立开发 对前后端开发有一定的理解 熟练使用postman测试接口 8 工作细致认真 有责任心 执行力强 有较强的学习能力和积极性 加分项 1 熟悉数据爬虫 数据处理的优先 2 熟悉Docker K8S容器 微服务部署者优先 3 熟悉Ngnix ES 等开源组件的架构及实现原理者优先 4 有亚马逊MWS API端口开发经验者优先 职能类别 Python开发工程师软件工程师 关键字 python软件工程师爬虫 微信分享
Python开发工程师,卧安科技（深圳）有限公司,1.5-2万/月,深圳,本科,3-4年经验,岗位职责 1 开发和维护订单系统 2 支持增长黑客和数据驱动营销 3 支持业务团队提高运营效率的其他需求 任职要求 1 本科以上学历 计算机或软件相关专业 3 5年相关经验 2 英语四级 能够阅读英文文档 3 熟悉Flask框架 熟悉Requests 4 熟悉Python编程语言 5 熟练使用MySQL MongoDB等数据库 6 熟练使用Mac nix下常用的CLI指令 7 熟悉使用git进行代码管理者优先 8 有高性能网站优化经验者优先 9 有机器学习 数据挖掘经验优先 职能类别 Python开发工程师 关键字 pythonDynamoDBNoSql数据库 微信分享
python架构师,深圳市宇航软件股份有限公司,3-4万/月,深圳-龙岗区,大专,5-7年经验,招聘要求 1 5年以上python开发经验 有大型项目开发经验优先考虑 2 熟练掌握Django Flask等Web开发框架 并对其原理有深刻理解 3 熟悉分布式微服务框架与实现 4 熟悉Linux平台开发及常用操作命令 该岗位工作地点 广州 公司提供住宿 外加80元 天项目补贴 职能类别 系统架构设计师Python开发工程师 关键字 python架构设计 微信分享
Python开发工程师,云智汇（深圳）高新科技服务有限公司,0.9-1.1万/月,深圳-龙岗区,本科,2年经验,1 深入理解并精通 Python开发应用 掌握数据结构 算法相关知识 具备分析设计和开发经验 2 熟悉 Linux 数据库相关知识 具备丰富的多线程 分布式 云化设计和开发经验 3 具备组件化 服务化相关软件架构和技术 具备丰富的多线程 分布式 云化设计和开发经验 4 有大规模软件特性开发及项目重构和软件性能优化经验 5 具备良好的沟通能力 刻苦 敬业 有上进心 对技术有激情 喜欢钻研 有较强的独立 主动的学习能力 热爱开发编程工作 能够独立开发 任职要求 1 学历要求 计算机相关专业大学本科学历 实际正式2年以上后端开发经验 2 熟练使用python语言 熟悉django flask fastapi使用框架 熟练使用协程等并发编程技术 3 了解unix linux环境 掌握常用shell命令的用法 4 熟练使用MYSQL Redis ES数据库 对原生SQL优化有深入经验优先考虑 5 了解Docker等容器相关技术 并有实际的经验 6 熟悉linux平台开发 熟悉Numpy和Pandas等Python数据处理工具 熟练git使用 职能类别 Python开发工程师 关键字 python软件开发开发开发工程师 微信分享
Python开发工程师,深圳市万邑通信息科技有限公司,1.5-2.5万/月,深圳-南山区,本科,3-4年经验,工作职责 代码开发角色 1 根据研发项目安排 按时按质完成项目研发工作2 负责完成项目中核心代码 业务关键模块的编码工作3 负责根据系统的设计 完成代码研发和缺陷修正 技术支持角色 1 维护负责模块生产运营的稳定性 针对生产运营出现的问题 提供技术支持 工单处理2 针对线上突发问题能够即时处理3 针对线上问题 及时响应并从根本原因快速解决问题 自动化测试技术支持角色 支持测试实现仓储主流业务场景的自动化用力覆盖 任职资格 1 本科及以上学历 软件工程 计算机等专业优先 2年以上python开发经验 2 具有良好的程序设计思想 理解面向对象程序设计 能合理运用设计模式 3 熟悉python后台开发 有完整的项目开发经验 熟练使用Django或flask框架 4 熟练使用python主流类库使用 具有独立开发完整系统的能力 5 熟悉使用Html5 Css3 JavaScript jQeury Redis等 6 对PostgreSQL MySQL有深入了解 并具有设计 开发和优化的实际经验 7 熟悉linux平台 能够独立完成python项目部署 调优 运维 8 对项目安全性问题和并发问题有一定理解和相应的解决方法 9 有处理海量数量 高并发服务的项目经验者优先考虑 10 同时熟悉java Android开发优先 职能类别 Python开发工程师 微信分享
python数据分析工程师,深圳市纽创信安科技开发有限公司,0.8-1.8万/月,深圳-南山区,本科,3-4年经验,负责使用Python对TCP IP协议网络数据的监听 抓取 将数据打上标记存放到数据库中 并设计数据分析模型 对数据进行分析处理 对处理后的数据进行筛选展示 职责描述 1 负责网络数据的抓取 2 负责前端交互及数据展示API接口的编写 3 负责对抓取数据进行分析处理 4 负责与测试人员和客户沟通相关开发需求和功能 5 完成上级布置的其它工作 任职要求 1 熟悉TCP IP HTTPS HTTP等网络协议 2 熟练使用Python抓包库 如scapy等 并参与过1个以上大型项目的数据抓取分析工作 3 熟练使用Elastic数据库 会使用MySQL等关系型数据库 4 了解密码算法和SSL TLS IPSec等密码通信协议者优先考虑 5 熟悉Linux基本操作 有过独立Linux项目部署经验优先 6 具有一定的技术文档编写能力 能独立编制模块的设计文档 接口文档 用户手册 集成手册等 7 具备一定的Java Web后端开发能力并熟悉Java Spring开发框架的优先考虑 职能类别 Python开发工程师Java开发工程师 关键字 pythonTCP IP 微信分享
Python开发工程师,上海讯真信息科技有限公司,1.5-2万/月,深圳-福田区,大专,2年经验,岗位职责 1 负责数据类及AI类产品的研发工作 2 负责系统的架构设计 性能瓶颈分析 性能调优工作 3 负责技术难点的攻破 4 研究新技术 进行技术选型 技术难点攻关 岗位要求 1 熟悉Python开发 具有相关项目开发经验 2 熟悉Spring MyBatis Vue Angular React STL NodeJS Flask等开源框架中的一种或多种 3 熟悉Java C C Python JS CSS HTML 熟悉MySQL PostgreSQL等关系数据库 熟悉Tomcat Nginx等服务器 4 有较强算法与设计能力 具有下列经验则优先 Linux环境编程项目经验 Windows底层编程项目经验 数据挖掘 机器学习相关项目经验 大并发和大数据处理项目经验 React Native项目经验 Electron项目经验 5 具备良好的目标导向 系统性思维 沟通协调能力 职能类别 Python开发工程师 微信分享
Python后端开发工程师,牛剑教育科技（深圳）有限公司,1.2-2万/月,深圳-福田区,本科,1年经验,岗位描述 1 参与公司项目的需求分析 设计 开发 技术文档编写等工作 2 参与后端架构的设计 开发 3 参与现有服务的性能 代码质量调优 问题修复 岗位要求 1 全日制本科及以上学历 1 3 年以上 Python 后端开发工作经验 2 熟悉 Flask Django 等常用 Web 框架 对 Tornado 框架有所了解更佳 3 熟悉 HTTP TCP IP 协议 4 熟练掌握常用数据库应用 如 MySQL Redis 等 5 熟悉 Linux 系统下的软件开发 测试 部署流程 熟练使用 Git 等开发工具 6 有分布式 高并发后台服务开发经验优先 7 具有良好的学习能力 沟通能力及团队合作意识 具有较强的责任感 职能类别 Python开发工程师 关键字 pythondjango 微信分享
Python开发工程师（爬虫）,深圳市华运国际物流有限公司,1-2万/月,深圳-南山区,大专,3-4年经验,岗位职责 1 负责数据采集系统的技术架构设计与核心功能开发 产品开发和技术研究工作 解决各类技术疑难问题 2 负责核心算法的策略优化研究 充分利用资源 避免限制 3 有良好的成本意识 对产品性能有比较高的追求 好的大局观 有良好的学习能力 任职资格 1 有3年以上爬虫工作经验并有高并发大量采集项目经验 2 有较强的责任心 沟通协调能力 工作主动积极 3 熟练Python编程语言 掌握反爬技术 图片识别码 滑动块识验码等技术 4 熟悉Scrapy Django Flask等框架 5 熟悉关系型数据库 MySQL PostgreSQL Oracle 缓存数据库 Redis Memcached 6 精通一种开源爬虫框架 如scrapy等 有开发爬虫框架 构建过分布式爬虫系统者优先 7 有独立项目 前后台 开发经验优先 职能类别 高级软件工程师Python开发工程师 关键字 python爬虫软件开发软件工程师django开发开发工程师工程师 微信分享
python 开发工程师,深圳一科互联有限公司,1-2万/月,深圳-南山区,大专,3-4年经验,岗位职责 1 负责数据采集系统的技术架构设计与核心功能开发 产品开发和技术研究工作 解决各类技术疑难问题 2 负责核心算法的策略优化研究 充分利用资源 避免限制 3 有良好的成本意识 对产品性能有比较高的追求 好的大局观 有良好的学习能力 任职资格 1 有3年以上爬虫工作经验并有高并发大量采集项目经验 2 有较强的责任心 沟通协调能力 工作主动积极 3 熟练Python编程语言 掌握反爬技术 图片识别码 滑动块识验码等技术 4 熟悉Scrapy Django Flask等框架 5 熟悉关系型数据库 MySQL PostgreSQL Oracle 缓存数据库 Redis Memcached 6 精通一种开源爬虫框架 如scrapy等 有开发爬虫框架 构建过分布式爬虫系统者优先 7 有独立项目 前后台 开发经验优先 职能类别 软件工程师Python开发工程师 关键字 python爬虫软件开发软件工程师django开发开发工程师工程师 微信分享
Python开发工程师,中科云遥（东莞）科技有限公司,1-1.5万/月,深圳-南山区,硕士,3-4年经验,1 有Python和其他如java C C 等任一或多种语言开发经验2 熟练进行算法建模 验证和调优 熟练掌握深度学习平台 如tensorFlow Caffe Theano等一种或多种 的使用3 具有图像目标检测 识别等相关项目经验 能够针对实际问题设计方案与实现 职能类别 深度学习工程师 微信分享
Python开发工程师,彩迅工业（深圳）有限公司,0.8-1.5万/月,深圳-南山区,大专,3-4年经验,工作职责 1 负责大数据平台架构和性能优化 2 负责数仓建设 负责环境规划 平台构建 技术架构 数据开发等相关模块 3 负责编制大数据开发规范等 4 对接各种ERP SAP财务系统 任职资格 1 本科以上学历 3年以上大数据相关工作经验 具有数据模型和设计架构经验 2 熟练使用Linux shell脚本 熟悉大数据平台的搭建部署 调优 故障诊断 运行维护 必须有Python语言开发经验 3 熟悉MongoDB Mysql SqlServer等 4 具有ERP SAP开发经营者优先 5 熟练掌握django docker gitlab nginx pandas redis vue Nodejs等开发技术 6 具备较好的逻辑思维能力 较强的抽象概括总结能力 较强的抗压能力 具备团队协作能力 良好地文档编写能力 加分背景 1 具有实时数仓建设经验 熟悉流处理开发框架 实时平台监控优化 实时集市数据模型设计经验者优先 2 具有金融 区块链相关背景者优先 3 具有人工智能开发经验者优先 职能类别 Python开发工程师 关键字 PythonLinux后端数据开发 微信分享
软件开发工程师(Python/QT),深圳市信润富联数字科技有限公司,1.2-2.3万/月,深圳-南山区,本科,2年经验,岗位职责 1 对已有开发的项目软件进行维护和升级 提出用户界面和用户体验方面的合理建议 2 根据业务提出的新功能 进行软件开发 开发过程的跟踪测试 升级 实施 问题追踪 调试维护 3 完成与工作相关文档的编写 任职资格 1 本科以上学历 计算机或相关专业 2年相当开发经历 2 精通 QT python java开发 有一定的代码架构和设计能力 3 有团队合作精神 吃苦耐劳 工作主动积极 能承受较大工作压力 能异地出差 4 具备以下条件者优先考虑 具有各类软件的界面及交互设计开发经验 有过机器视觉相关处理经验的优先 参与过Qt相关大项目者优先 职能类别 Python开发工程师 关键字 JAVA数据库后台开发界面开发Pythonqt 微信分享
python爬虫工程师（双休+14薪）,深圳博雅慧欣文化传播有限公司,4-8千/月,深圳,大专,无需经验,岗位职责 1 协助设计和开发网络爬虫应用 进行互联网相关信息的抓取和分析2 协助网页信息抽取技术的研究和开发3 协助解决爬取过程中的反爬问题岗位要求 1 熟悉Python语言2 熟悉Mysql数据库基本操作3 熟悉网页抓取原理及技术的实现细节 职能类别 Python开发工程师 关键字 PythonPython开发Python实习Python助理web开发后端开发爬虫开发数据采集数据分析开发工程师 微信分享
(急聘) python开发工程师,成都巴迪巴迪网络科技有限公司,4-8千/月,深圳-南山区,大专,无需经验,1 18 30周岁 应届毕业生亦可 计算机 理工类等专业优先录取2 对互联网行业有浓厚兴趣 有意从事网页设计相关工作3 有无经验均可 有人带 要求有一定的学习能力 较好的逻辑思维办公地点 深圳 福田 南山 宝安 罗湖 龙岗 均有分点 正式员工可与上级沟通择近办公公司福利 生日福利 节假日福利 五天八小时 周末双休 六险一金 年底双薪 员工旅游等 职能类别 Python开发工程师算法工程师 关键字 网页网页设计网页开发网页排版网页制作 微信分享
python爬虫工程师（双休+奖金）,辰星网络科技,4-8千/月,深圳,大专,1年经验,岗位职责 1 协助设计和开发网络爬虫应用 进行互联网相关信息的抓取和分析2 协助网页信息抽取技术的研究和开发3 协助解决爬取过程中的反爬问题岗位要求 1 熟悉Python语言2 熟悉Mysql数据库基本操作3 熟悉网页抓取原理及技术的实现细节 职能类别 Python开发工程师 关键字 PythonPython开发Python实习Python助理web开发后端开发爬虫开发数据采集数据分析开发工程师 微信分享
(急聘) python爬虫开发工程师,深圳市妙酷软件科技有限公司,4.5-6千/月,深圳,大专,无需经验,岗位职责 1 负责公司的爬虫核心技术研究 2 根据业务需求 实现大规模文本 图片 视频数据抓取 清洗等工作 任职要求 1 计算机相关专业 2 掌握Python Java PHP或某种编程语言 3 熟悉主流爬虫框架以及对爬虫分布式有相关研究 4 具有钻研精神 独立思考能力和逻辑分析能力强 工作时间 八小时工作制 周末双休 无需加班 可提供住宿 公司福利 5天8小时制上班时间 正式上岗前有5k 8k不等的补贴 入职缴纳养老保险金 医疗保险金 大病保险金 失业保险金 生育保险金 工伤保险金 为员工提供广阔的职业发展平台与晋升空间 半年一次内部晋升机会 带薪休假 年假 婚假 丧假 病假等 每月一次员工专属生日趴 水果蛋糕礼物 节日礼物 丰富的业余集体活动 拓展 旅游 聚餐 年会等 提供住宿 配备空调 热水器 无线网 PS 公司在各个区均有分点 正式员工可与上级沟通择近办公 亲爱的求职者们 如果感兴趣 请先投递简历 简历合格的话 一天之内就会给你们打电话 hr负责全国招聘 工作很忙 很可能没时间回复 请见谅见谅 职能类别 Python开发工程师 关键字 产品专员运营互联网产品专员 微信分享
Python课程设计师,深圳点猫科技有限公司,1.2-1.6万/月,深圳-南山区,本科,2年经验,工作内容 负责成人Python课程设计 研发有趣有用的Python案例和课程 设计课前 课中 课后等相关教学环节 完成教研教辅等内容的设计 参与课纲规划和课包编排 和产研 运营团队合作 从0到1完成新项目课程研发的启动工作认知要求 本科及以上学历 1 3年Python课程设计经验 3年以上更佳 熟悉16 22岁学生群体特点者优先 有Python或其他语言的编程基础 擅长Python案例的编写优先 了解教学法 教育理论 有实际教学经验者优先 积极主动 简单可依赖 靠谱 擅长团队协作 有强烈的自驱力和主观能动性 具有数据意识和产品sense者优先 职能类别 其他 关键字 课程研发教育产品开发教研课程设计Python成人教育 微信分享
Python高级测试工程师,北京汉克时代科技有限公司,1-1.5万/月,深圳-南山区,大专,3-4年经验,岗位职责 1 参与LeapAI平台产品测试的全流程 包括制定测试计划 设计和执行测试用例 进行缺陷跟踪和软件质量分析等2 独立设计和执行测试用例 完成缺陷的反馈 分析和跟进3 学习并掌握团队使用的自动化框架 能够独立完成所负责项目的自动化编码工作岗位要求 1 有3年以上的web产品测试工作经验 精通测试理论和测试用例设计2 熟悉python javascript等至少一种编程语言3 对自动化测试有一定的见解 熟悉至少1种自动化测试工具 如selenium uiautomator jmeter postman 有自动化测试经验者优先4 熟悉linux下基本的命令行操作和shell编程5 热爱软件测试 工作细致认真 有耐心 追求通过技术提升效率 避免重复性工作6 有较强的逻辑分析能力和持续学习能力 具备较强的总结能力7 有良好的沟通技巧和团队协作精神 职能类别 自动化测试 关键字 自动化测试 微信分享
Python爬虫工程师,深圳经深飞航空国际旅游集团有限公司,1.5-2万/月,深圳-罗湖区,本科,5-7年经验,职位描述 负责分布式爬虫系统设计与开发负责整体架构升级和性能调优 提升抓取效率 稳定性和自动化程度完成定向数据的采集与爬取 解析处理 入库等数日常工作 维护 优化现有的采集程序 提升爬虫的抓取效率和质量 协助完成需求收集 分析 测试和部署 编写开发过程中涉及的相关文档 负责全网页面的破解和数据抓取 包括Ajax抓包 Js破解 页面清洗 抓取攻防等 负责各垂直类App的破解和数据抓取 包括App反编译 脱壳 签名破解 抓取攻防等 任职要求 1 计算机 信息技术相关专业全日制本科或以上学历 2 精通JAVA编程 至少3年以上JAVA后台开发经验 具备扎实的开发基础 3 精通Python爬虫与反爬虫技术 能独立完成数据采集 清洗 入库 数据处理等工作 至少掌握一种常用的抓包工具 4 精通MySQL数据库 具备数据库的设计 优化及故障处理能力 熟悉Mysql常用功能 各种存储引擎 函数用法等 并可熟练运用Mysql编写较为复杂的SQL语句 5 熟悉J2EE技术平台及主要的Java框架 有高并发系统开发 性能调优经验者优先 6 熟练运用Html5开发 Bootstrap AngularJS VUE等一种前端框架 7 熟悉前后端分离技术及Echarts layui等开源前端UI框架 8 熟悉各种JS写法 对代码混淆有一定的见解 9 较强的逻辑思维分析能力 能够快速解决开发过程中的问题 10 良好的抗压能力及优秀的团队合作精神 有意者请联系 梅小姐 电话 18902465081 82299398 职能类别 Python开发工程师 关键字 Java工程师爬虫python 微信分享
Python开发工程师,广东盛迪嘉集团有限公司,1.5-2万/月,深圳-南山区,本科,3-4年经验,工作职责 1 负责设计和开发分布式网络应用 2 研究各种网页特点和规律 负责网页信息提取和整合 3 研究网页安全策略和防屏蔽规则 提升网页请求效率和质量 4 能够独立分析和解决问题 能够在较短时间内寻求最优解决方案 任职要求 1 计算机 软件相关专业本科或以上学历 3年以上工作经历 2 精通Python开发语言 代码风格良好 符合PEP8 2年以上实际使用经验 3 具有Oracle数据库使用经验 熟悉MQ Redis等一种以上 4 熟悉LinuxUnix操作系统 精通Linux命令 5 熟悉面向对象的软件设计模式 掌握数据结构与算法 6 熟悉机器学习 自然语言处理相关算法 有实际的项目开发经验 读过相关算法工具包源码并有优化经验的优先考虑 7 熟悉Flask Celery等开发框架 了解Nginx Gunicorn Nameko等框架和工具 8 熟悉git svn代码管理工具 9 熟悉微服务架构 具有高并发系统开发经验优先 职能类别 软件工程师高级软件工程师 微信分享
PYTHON（自测方向）,上海子蓝信息科技有限公司,1-1.5万/月,深圳-南山区,本科,1年经验,1 计算机及相关专业本科学历优先 要求学信网可查 1年以上自动化测试开发经验 2 熟悉Python或ruby语言开发经验者优先 有云计算开发经验者3 熟悉django flask 任一python开发框架 懂代码调试并能持续优化优先4 了解CI流程和docker5 熟练Linux系统操作 使用git进行版本控制管理6 熟悉TCP IP HTTP等协议 有良好的网络方面的知识7 有大型自动化框架开发经验者优先8 具有良好的沟通协调能力 较强的团队合作精神 优秀的执行能力 强烈的责任心和敬业精神 能吃苦耐劳 职能类别 Python开发工程师自动化测试 关键字 python自动化测试 微信分享
K12课程开发(python),深圳市越疆科技有限公司,0.7-1.2万/月,深圳-南山区,本科,1年经验,岗位职责 根据不同年龄段的学习者特点 进行K12阶段课程内容开发 辅助教案的研发与撰写 了解中小学编程 具有良好的编程素养和知识体系 定期完善 优化课程 针对反馈 提出教学方法和内容的改进方案 沟通表达能力强 能把自己的思路准确第传递出来 良好的学习能力 能迅速地掌握新知识和技能 任职要求 本科及以上学历 计算机 电子信息学 电子工程等相关专业优先 具有一定编程基础 有数学功底和逻辑思维能力 必须具备Python编程能力 有算法设计经验者或ACM算法编程竞赛获奖经验者优先 热爱教育 从事过Python编程课程设计 开发 讲授相关工作优先 具备教学分析能力 能够结合理论和实践 分析教学问题 具备教学材料的开发能力 能够运用多种交互材料以达到优质的教学效果 职能类别 课程顾问 微信分享
自动化运维开发（Python）驻场工程师,深圳市紫金支点技术股份有限公司,0.8-1.2万/月,深圳-南山区,大专,2年经验,岗位职责 1 负责自动化运维平台平台架构设计及文档编写2 负责自动化运维平台平台模块开发 产品测试3 负责自动化运维平台运维业务场景设计开发4 负责自动化运维平台客户化推广实施5 负责自动化运维平台产品售后服务支持任职要求1 大专及以上学历 学信网可查 计算机软件 硬件 信息安全 网络安全相关专业2 精通Python语言 熟练使用Python标准库模块和第三方模块 具备2年以上开发经验 能熟练掌握shell脚本编写与开发 3 熟悉oracle redis es等常用存储方案及基本原理 能够独立地合理设计数据库结构 4 热衷研究新兴技术 对技术精进有要求 5 有团队合作能力 乐于交流分享 6 有网络运维经验优先 7 有大数据分析经验优先 8 有前端UI开发经验优先 职能类别 自动化运维工程师 微信分享
Senior Software Engineer (C++/Python),Cisco 思科系统（中国）,45-65万/年,深圳,本科,8-9年经验,What You ll Do As a Software Engineer in T Q Technology and Quality Reliability Engineering group you develop fully automated simulator software applications You construct software structures and system work closely with design teams to create design rules implement them in coding testing and release the applications in enterprise environment You research new schematic modeling methodologies and developing new engineering tools while closely engaging with internal stakeholders and external partners You will be a part of team committed to continuously innovate the applications processes and services to deliver world class customer experience Who You ll Work With The Cisco Supply Chain Operations organization is responsible for taking engineering innovations from the drawing board all the way through to our customers Whether it s complex high end configure to order systems or high volume off the shelf products Supply Chain Operations is responsible for turning ideas into powerful customer solutions As part of the Operations Processes and Systems team Supply Chain Operations at Cisco is a global organization with more than 9 000 employees in more than 50 locations around the world Who You Are Bachelor s Degree or Master s degree in Electrical Engineering or Computer Engineering or Computer Science with 8 years of related work experience Hands on exposure to software development The ideal candidate should have a track record of success a solid work ethic and a can do attitude In addition the candidate should possess the following skills Required Skills 8 years of experience in C Python scripting languages assembly languages and high order object oriented languages 8 years of experience in software architecture design requirement analysis functions modules coding and test automation 5 years of experience in Agile software development methodology from planning design development testing release processes throughout software life cycle 3 years of experience in computer architecture Bus standards Interrupts Memory Power distribution CPU FPGA design PCIe Ethernet Peripheral Interfaces Fiber Channel DDRx High speed signal integrity HSSI 3 years of experience in Hardware design specifications schematic capture tool PCB layout and hardware design review process Requires excellent communication verbal written presentation skills for working with team members and stakeholders at multiple geographic locations regions Demonstrated ability to work collaborate effectively with remote teams globally Preferred additional requirements Experience in EDA software company or EDA CAD software tool development Experience with Bitbucket Jira and Mongo Java JavaScript Hypertext Markup Language HTML or Cascading Style Sheets CSS MongoDB We Are Cisco WeAreCisco where each person is unique but we bring our talents to work as a team and make a difference Here s how we do it We embrace digital and help our customers implement change in their digital businesses Some may think we re old 30 years strong and only about hardware but we re also a software company And a security company A blockchain company An AI Machine Learning company We even invented an intuitive network that adapts predicts learns and protects No other company can do what we do you can t put us in a box But Digital Transformation is an empty buzz phrase without a culture that allows for innovation creativity and yes even failure if you learn from it Day to day we focus on the give and take We give our best we give our egos a break and we give of ourselves because giving back is built into our DNA We take accountability we take bold steps and we take difference to heart Because without diversity of thought and a commitment to equality for all there is no moving forward So you have colorful hair Don t care Tattoos Show off your ink Like polka dots That s cool 职能类别 高级软件工程师软件工程师 微信分享
Python开发工程师,富士康科技集团人资总处,1-1.5万/月,深圳-龙华区,本科,3-4年经验,1 Web专案开发 维护2 软体程式之撰写 测试与修改3 线上专案系统维运等工作4 系统分析及设计工作5 专案文件撰写制作岗位要求 1 具备Python开发语言 熟悉Django Tornado框架 Git版本管控2 具有Restful API开发 RabbitMQ及Kafka使用等技能3 熟悉Docker及K8S运作及No SQL DB RDBMS开发4 具有讯息交互平台或中介层开发 大型系统后台资料处理开发 Web开发经验5 本科及以上学历 计算机相关专业优先 职能类别 Python开发工程师 关键字 python软件开发django 微信分享
25923-后台开发工程师（Python/PHP/GO）（深圳）,深圳市腾讯计算机系统有限公司,面议,深圳,本科,3-4年经验,岗位职责 负责腾讯游戏运营安全微服务平台开发 负责腾讯游戏运营支撑平台开发 岗位要求 3年以上工作经验 熟练掌握 Python PHP GO 一门或多门 并掌握配套的Web开发框架 熟练掌握 MySQL Kafka Redis 一个或多个 熟悉大型分布式系统设计与开发 有独立的系统实现能力 良好的问题分析能力 团队合作能力 自驱力 有 Celery Airflow 相关经验更佳 有微服务相关经验更佳 有 K8S 相关经验更佳 职能类别 高级软件工程师 微信分享
Python开发工程师,深圳市掌世界网络科技有限公司,1-1.5万/月,深圳-罗湖区,大专,2年经验,岗位职责 1 与运营商对接接口调试 如根据相关技术规范文档完成计费开发等 2 游戏 视频的平台项目开发 发布 部更新以及配合产品接入上线等 3 参与技术难题攻克 组织技术分享或培训等工作 4 现网平台的日常维护 任职要求 1 计算机及相关专业大学专科以上学历 2年以上工作经验 2 熟悉Python Web开发工作 3 有一定的前端工作经验优先 熟悉JavaScript Ajax等前端技术 4 熟悉mysql 具有相关应用开发经验及数据库设计能力 5 能够熟练使用Linux系统的基本命令 6 具有良好的敬业精神和团队协作能力 以及较好的沟通表达能力 职能类别 Python开发工程师 关键字 pythonWeb 微信分享
Python开发工程师,深圳众芳信息有限公司,0.8-1.5万/月,深圳-龙华区,大专,无需经验,岗位要求1 学习并熟悉公司业务及产品架构 2 根据公司业务需求开发web系统 3 参与公司平台系统更新及运维工作 任职要求 1 精通python语言 熟悉Django Flask Tornado等web开发框架 2 必须了解各种程序语言 如php go java c 2 熟悉sql语法规则 有过mysql SQL Server Oracle使用经验 3 熟悉html css javascript 4 熟练使用git或其他版本管理软件 5 github上必须有自己的作品展示 6 熟悉Linux操作系统与linux shell命令 熟悉网络HTTP TCP等网络协议 7 具备独立开发能力 完成整个软件需求分析 设计 开发 部署 测试 发布和维护 薪酬福利 1 薪资8K起 各种奖金 一年三次加薪无需申请2 包吃午餐 公司提供免费饮料牛奶3 周一至周五5 8小时制 周六5小时 大小周制 无需加班4 公司每年组织2 3次国内旅游 每月聚餐等活动 举办员工生日会 端午节 中秋节 等传统节日公司统一发放礼品5 享受国家规定的法定节假日 并提供带薪病假 丧假 产假 婚假 年休假等 职能类别 Python开发工程师大数据开发工程师 关键字 python软件开发开发工程师Tornadojavac javascript 微信分享
python爬虫工程师,汕尾市铁人信息技术有限公司,1-2万/月,深圳-南山区,本科,3-4年经验,岗位职责 1 参与分布式爬虫系统的设计与开发 核心模块研发工作 改进和提升爬虫效率 2 攻破各种反爬策略 快速解决各类技术疑难问题 建设反爬对抗组件库 3 负责网页信息和APP数据抽取 清洗 消重等工作 4 实时监控爬虫进度和预警处理 精通至少一种开发语言 如Python Java 5 熟练掌握至少一种开源爬虫框架 熟练掌握mongo redis等相关技术 6 熟悉常见的反爬策略 有JavaScript反爬 APP反爬 抓包分析 反爬策略探测 逆向等领域经验的优先 任职要求 1 计算机及相关专业本科及以上学历 2年及以上相关工作经验 有一定的研究和解决问题的能力 2 对爬虫有浓厚的兴趣 责任感强 有较好的交流沟通能力和团队合作能力 职能类别 爬虫开发工程师 微信分享
Python开发工程师,深圳市聚能优电科技有限公司,1-2万/月,深圳-南山区,本科,2年经验,岗位职责1 负责设计 开发 维护爬虫系统 进行多平台信息的采集 清洗 入库等工作 2 设计爬虫策略与算法 提升抓取效果 3 持续优化系统 提高系统的稳定性及性能 职位要求1 python基础扎实 熟练使用requests scrapy xpath 等工具 熟练掌握正则表达式 2 2年及以上相关工作经验 有一定的研究和解决问题的能力 熟悉常规反爬虫手段以及解决方案 3 有数据可视化 web前端开发经验 熟悉js vue 者 优先考虑 职能类别 Python开发工程师 关键字 python爬虫软件开发 微信分享
python/PHP开发工程师,深圳瑞德林生物技术有限公司,0.8-1.8万/月,深圳-南山区,本科,1年经验,岗位描述 1 根据产品业务需求 参与需求评审 产品详细设计 软件编码 单元测试 2 根据公司开发规范 完成系统的开发测试和发布上线 任职要求 1 本科及以上学历 计算机 通信等相关专业 2 两年以上PHP或者Python开发经验 熟练掌握至少一种主流开发框架 larval yii或flask 3 熟练js前端开发 掌握vue jquery等js框架 熟练使用GIT代码管理工具 了解代码编写相关规范 4 熟悉linux服务器的各种操作 对分布式架构的技术 微服务开发模式 容器化服务及服务治理有一定的了解 5 积极乐观 责任心强 工作认真细致 具备良好的服务意识 具有良好的团队沟通与协作能力 公司介绍与福利 1 瑞德林生物是以合成生物技术为核心 多学科交叉应用的创新型高新技术企业 全球率先将酶催化技术应用于肽类 糖类和核酸类等特色功能原料的规模化生产 2 公司提供小区房宿舍 午餐 下午茶 旅游等 公司一年2次调薪晋升机会 业绩优秀有机会参与股权激励 3 工作地点 深圳南山 职能类别 Python开发工程师 关键字 开发工程师计算机后端开发 微信分享
python 后端工程师,清科优能（深圳）技术有限公司,1.5-2.5万/月,深圳-南山区,本科,3-4年经验,python 后端工程师 岗位职责 参与公司核心工业物联网平台的架构设计和代码实现 解决技术难题 迭代基础架构 编写公司核心业务代码 能力要求 本科以上学历 3年以上python开发经验 熟悉mysql redis elasticsearch等数据库 掌握基本调优技巧 熟悉celery 有较强分布式计算架构和开发能力 具备良好的学习能力 大多时候能解决开发中的技术难题 优先考虑 熟悉时序数据库优先 熟悉rabbit mq 有erlang开发经验优先 有带队经验 项目整体负责经验优先 职能类别 高级软件工程师 微信分享
Python工程师,深圳市易佰网络科技有限公司,1-1.5万/月,深圳-龙岗区,大专,2年经验,岗位要求 1 良好的团队合作精神和沟通能力 有参与产品 技术交流的意识 2 至少 2 年 Python 使用经验 能熟练使用Linux 3 熟练掌握 Flask 开发框架 4 熟练掌握 MySQL 数据库 5 了解掌握 Redis MongoDB 等新型数据存储 6 计算机操作系统基础知识扎实 熟悉同步 异步等网络编程模型 多线程 协程等并发模型 有一定 OOP思想基础 7 良好的编程习惯和英文文档阅读能力 8 优先考虑 有过云计算平台或者电商平台开发经验 有过数据统计 分析经验等 主要职责 1 负责网站数据库 栏目 程序模块的设计与开发 2 参与数据爬虫开发 数据整理及应用 3 解决高并发的处理 4 维护所负责的服务模块 并不断持续优化功能系统 5 为相关部门对自己开发的程序提供技术支持 6 编写相关技术文档 编写核心测试案例 7 负责技术指导与培训 职能类别 Python开发工程师 关键字 python爬虫djangoFlask高并发 微信分享
Python工程师（爬虫方向）+包住宿+周末双休+五险一金,深圳市中源航空服务有限公司,1.5-2.5万/月,深圳,大专,3-4年经验,岗位职责 1 负责产品数据的抓取 并动态监控网站 2 负责数据抓取的性能优化 3 负责数据的规范化分析和开发工作 任职要求 1 2年以上数据爬虫相关工作经验优先 2 熟悉Django Flask WebPy Tornado等其中一种 3 精通HTML CSS javascript和常用javascript mvc Backbone React Angular 等前端框架其中一种 4 熟悉PHP python C C JAVA中至少一种 熟悉mysql 公司待遇 1 工作时间 周一至周五9 00 18 00 五天制 2 休息时间 周六日及法定节假日 3 员工保险 五险一金 4 员工住宿 免费提供员工宿舍 不收取任何费用 5 员工就餐 提供冰箱 微波炉 方便员工就餐 6 公司定期举行员工生日及定期部门聚餐等员工活动 公司地址 罗湖区东门南路宝丰大厦801 808 乘车路线 1 地铁1号线罗宝线国贸站B出口 2 地铁2号线蛇口线湖贝站A出口 3 地铁9号线向西村站D1 4 公交站点 丽都酒店或春风万佳 职能类别 高级软件工程师 关键字 Python工程师数据挖掘网络爬虫 微信分享
高级软件工程师(Python),傲讯全通科技（深圳）有限公司,1.2-2万/月,深圳,本科,5-7年经验,工作职责 公司核心软件产品开发和维护 子系统 模块设计任职要求 5年以上实际项目开发经验 含Java C Python 熟悉面向对象编程 熟悉Python语法和框架 有中大型项目开发经验 熟悉Linux 有分布式系统设计 高可用性 微服务 Docker等经验优先 职能类别 系统架构设计师 关键字 Python架构师高可用性Java软件开发 微信分享
Python开发工程师,和美（深圳）信息技术股份有限公司,1-1.5万/月,深圳-南山区,本科,3-4年经验,1 负责公司智能交互平台NLP核心功能的开发 2 负责公司智能交互平台 python 部分的架构设计 3 负责智能交互平台技能开发 4 负责带队其它python工程师协调工作 技术公关任职要求 1 3年以上python软件开发相关工作经验 熟悉人工智能 深度学习常用算法和框架 2 本科及以上学历要求 计算机相关专业 3 在智能硬件 物联网行业从事过机器学习算法设计与开发 4 一年以上机器学习算法设计与开发经验 加分项 5 精通Python 熟练掌握ipthon notebook numpy pandas等工具 6 有tensorflow scikit learn spark mllib其中一种技术使用经验者优先 7 对使用机器学习技术解决现实问题有极大的兴趣 愿意成为这个领域的佼佼者 职能类别 Python开发工程师 关键字 python爬虫软件开发 微信分享
Python开发工程师/前端/爬虫,深圳市宇达计算机有限公司,4.5-6千/月,深圳-南山区,招1人,大专,基本要求 1 做事认真 细心 愿意沟通 有团队精神 能与同事和谐相处 能快速适应环境 2 全日制大专或以上学历 有网页编辑或设计经验 3 编辑公司网站国际版 需要有英语基础 英文内容有专人编辑 但网站设计至少要看得懂4 男女不限 工作职责 1 与公司运营推广 美工团队一起 设计和编辑网站 团队协作将项目落地 2 积极学习 努力成长为网站负责人 3 公司会积极培养新人 公司福利 1 工作时间 5天7 5小时制 五险一金 2 法定节假日 带薪假期 3 每周三 周五下午茶福利 4 法定节假日有对应节假日福利 5 年终奖丰厚 转正员工至少1个月工资 职能类别 软件工程师脚本开发工程师 关键字 Python前端爬虫脚本开发 微信分享
python开发工程师,广州赛意信息科技股份有限公司,1.5-2万/月,深圳-龙华区,本科,3-4年经验,岗位职责 负责制作数据分析项目开发 任职要求 1 毕业3年 计算机相关专业 数学或算法专业2 熟悉Python 及数据分析相关库 Pandas Numpy matplotlib等 3 有AI相关经验 并熟悉scikit learn tensorflow等相关开发4 有大数据处理经验优先5 了解传统的机器学习算法 有深度学习算法经验优先 职能类别 Python开发工程师 关键字 python软件开发开发工程师 微信分享
